,smiles,ESOL,rd_8,rd_32,rd_64,rd_128,rd_512,rd_1024,rd_2048,rd_4096,rd_8192,rd_16384
0,OCC3OC(OCC2OC(OC(C#N)c1ccccc1)C(O)C(O)C2O)C(O)C(O)C3O ,1.0911257915207606,1,3,3,1,2,3,1,3,4,3
1,Cc1occc1C(=O)Nc2ccccc2,-0.10652169805056463,3,1,5,2,4,2,4,2,3,4
2,CC(C)=CCCC(C)=CC(=O),0.4804675853756975,5,3,3,5,3,4,1,4,3,3
3,c1ccc2c(c1)ccc3c2ccc4c5ccccc5ccc43,-2.2698612345489666,3,2,2,1,1,4,3,3,2,3
4,c1ccsc1,0.8260338570701906,1,2,4,1,5,4,1,3,5,5
5,c2ccc1scnc1c2 ,0.7455595198262676,3,3,2,3,1,2,2,4,5,1
6,Clc1cc(Cl)c(c(Cl)c1)c2c(Cl)cccc2Cl,-2.0095030846421573,5,5,2,2,1,3,5,4,1,2
7,CC12CCC3C(CCc4cc(O)ccc34)C2CCC1O,-0.925466424121076,5,1,1,2,5,5,4,4,4,2
8,ClC4=C(Cl)C5(Cl)C3C1CC(C2OC12)C3C4(Cl)C5(Cl)Cl,-1.5219232766348585,3,1,4,3,4,4,4,4,4,5
9,COc5cc4OCC3Oc2c1CC(Oc1ccc2C(=O)C3c4cc5OC)C(C)=C ,-0.6367055669517048,1,5,3,2,4,5,5,2,1,5
10,O=C1CCCN1,1.9621421475726335,5,4,5,5,3,1,1,5,3,1
11,Clc1ccc2ccccc2c1,-0.5041595997264197,4,1,4,3,4,2,1,5,5,5
12,CCCC=C,0.18697294366256634,1,3,4,4,1,4,2,1,5,5
13,CCC1(C(=O)NCNC1=O)c2ccccc2,0.2059080818376071,3,1,1,4,4,5,1,2,1,2
14,CCCCCCCCCCCCCC,-2.312465295442808,1,4,4,2,3,4,4,4,5,5
15,CC(C)Cl,0.7881635807201093,3,3,4,4,1,1,3,2,2,2
16,CCC(C)CO,1.2331393278335658,1,2,1,5,1,2,3,1,5,1
17,N#Cc1ccccc1,0.9822487470142766,4,2,2,2,2,4,5,3,5,2
18,CCOP(=S)(OCC)Oc1cc(C)nc(n1)C(C)C,-0.2674703725384109,2,3,5,3,2,1,4,3,3,3
19,CCCCCCCCCC(C)O,0.06389454552480177,5,1,4,5,2,2,2,3,2,5
20,Clc1ccc(c(Cl)c1)c2c(Cl)ccc(Cl)c2Cl ,-2.0615747146235193,1,4,1,5,1,3,1,2,5,4
21,O=c2[nH]c1CCCc1c(=O)n2C3CCCCC3,-0.7190734180131313,4,4,1,1,3,3,2,2,4,1
22,CCOP(=S)(OCC)SCSCC,-0.4899582460951394,2,3,5,5,1,2,5,1,2,4
23,CCOc1ccc(NC(=O)C)cc1,0.3431878336066523,5,4,4,2,1,3,4,1,3,1
24,CCN(CC)c1c(cc(c(N)c1N(=O)=O)C(F)(F)F)N(=O)=O,-1.1337529440465235,4,5,4,1,1,4,2,1,3,4
25,CCCCCCCO,0.5988121989697021,3,4,2,1,5,5,5,1,2,4
26,Cn1c(=O)n(C)c2nc[nH]c2c1=O,0.7976311498076296,4,5,2,4,4,1,3,1,4,2
27,CCCCC1(CC)C(=O)NC(=O)NC1=O,0.6693455886717287,3,1,5,2,3,4,4,3,3,1
28,ClC(Cl)=C(c1ccc(Cl)cc1)c2ccc(Cl)cc2,-1.8106841338042292,5,3,4,2,2,4,1,5,1,2
29,CCCCCCCC(=O)OC,-0.04498249898168235,4,4,3,4,4,3,2,5,2,5
30,CCc1ccc(CC)cc1,-0.3195420025197728,2,1,3,4,2,1,1,1,1,4
31,CCOP(=S)(OCC)SCSC(C)(C)C,-0.7952873491676707,4,4,5,2,5,5,3,4,5,4
32,COC(=O)Nc1cccc(OC(=O)Nc2cccc(C)c2)c1,-0.8189562718864716,2,1,5,5,1,5,5,4,1,1
33,ClC(=C)Cl,0.6792865362136251,3,2,1,5,5,1,3,1,2,1
34,Cc1cccc2c1Cc3ccccc32,-1.015408330452519,4,4,5,3,3,1,5,3,1,5
35,CCCCC=O,1.0532555151706793,2,5,3,3,1,1,3,3,5,5
36,N(c1ccccc1)c2ccccc2,-0.2030909027432724,4,2,1,4,5,4,5,5,1,2
37,CN(C)C(=O)SCCCCOc1ccccc1,-0.4033299889443279,4,3,1,3,3,5,3,1,2,5
38,CCCOP(=S)(OCCC)SCC(=O)N1CCCCC1C,-0.5088933842701802,5,1,1,1,1,2,2,3,3,3
39,CCCCCCCI,-0.8213231641583516,1,1,5,5,5,2,5,2,1,3
40,c1c(Cl)cccc1c2ccccc2,-0.854459655964673,1,1,5,5,1,2,3,3,1,4
41,OCCCC=C,1.3846204332338918,1,2,1,3,5,5,2,5,2,3
42,O=C2NC(=O)C1(CCC1)C(=O)N2,0.6721858593979848,5,4,2,5,3,4,4,4,1,5
43,CC(C)C1CCC(C)CC1O ,0.2579797118189692,2,2,1,4,3,2,2,5,3,5
44,CC(C)OC=O,1.1573987751334032,4,3,3,5,4,2,3,4,4,1
45,CCCCCC(C)O,0.7218905971074667,4,2,3,1,5,2,1,4,5,1
46,CC(=O)Nc1ccc(Br)cc1,-0.0037985734509689054,4,3,5,3,4,3,2,2,2,4
47,c1ccccc1n2ncc(N)c(Br)c2(=O),-0.024627225443513503,3,2,3,3,1,3,4,5,2,4
48,COC(=O)C1=C(C)NC(=C(C1c2ccccc2N(=O)=O)C(=O)OC)C ,-0.7976542414395509,5,3,2,5,3,5,3,3,3,5
49,c2c(C)cc1nc(C)ccc1c2 ,0.5372729999008198,3,1,4,1,5,1,2,1,4,1
50,CCCCCCC#C,-0.2769379416259313,2,1,2,3,3,4,4,4,4,4
51,CCC1(C(=O)NC(=O)NC1=O)C2=CCCCC2 ,0.4283959553943356,1,1,1,5,3,1,4,4,5,5
52,c1ccc2c(c1)ccc3c4ccccc4ccc23,-2.3583830055172825,4,2,3,4,1,5,2,4,2,5
53,CCC(C)n1c(=O)[nH]c(C)c(Br)c1=O ,0.26129336099960115,1,5,3,5,2,1,2,1,4,2
54,Clc1cccc(c1Cl)c2c(Cl)c(Cl)cc(Cl)c2Cl ,-2.61542750624346,5,3,5,1,1,1,5,4,4,3
55,Cc1ccccc1O,1.1621325596771634,4,3,2,2,1,2,1,2,1,3
56,CC(C)CCC(C)(C)C,-0.9349339932085959,1,2,1,1,1,5,5,4,2,2
57,Cc1ccc(C)c2ccccc12,-0.5041595997264197,2,3,2,5,1,3,2,5,5,5
58,Cc1cc2c3ccccc3ccc2c4ccccc14,-1.6544692438601436,1,3,4,1,4,5,2,4,2,2
59,CCCC(=O)C,1.3656852950588512,3,1,1,4,4,4,5,5,1,3
60,Clc1cc(Cl)c(Cl)c(c1Cl)c2c(Cl)c(Cl)cc(Cl)c2Cl ,-2.87578565615027,2,2,4,2,3,1,4,4,1,4
61,CCCOC(=O)CC,1.06745686880196,1,5,2,5,4,5,4,2,4,3
62,CC34CC(O)C1(F)C(CCC2=CC(=O)C=CC12C)C3CC(O)C4(O)C(=O)CO,-0.2864055107134516,4,5,5,3,5,2,3,3,1,3
63,Nc1ccc(O)cc1,1.07692443788948,3,2,5,5,1,3,1,2,1,4
64,O=C(Cn1ccnc1N(=O)=O)NCc2ccccc2,0.12543374459368406,2,5,2,2,1,2,1,4,1,2
65,OC4=C(C1CCC(CC1)c2ccc(Cl)cc2)C(=O)c3ccccc3C4=O,-1.351980411513868,1,1,3,5,4,4,3,3,1,2
66,CCNc1nc(Cl)nc(n1)N(CC)CC,-0.4662893233763382,2,3,4,5,2,1,2,5,5,3
67,NC(=O)c1cnccn1,1.1398837723214903,4,1,3,1,3,5,4,5,5,1
68,CCC(Br)(CC)C(=O)NC(N)=O,0.18697294366256634,4,1,4,3,1,3,2,1,3,2
69,Clc1ccccc1c2ccccc2Cl ,-1.03907725317132,4,1,2,3,1,5,3,4,4,5
70,O=C2CN(N=Cc1ccc(o1)N(=O)=O)C(=O)N2 ,-0.1443919744006461,2,2,5,3,3,2,4,3,4,2
71,Clc2ccc(Oc1ccc(cc1)N(=O)=O)c(Cl)c2,-1.1290191595027634,3,4,5,2,1,1,2,1,5,2
72,CC1(C)C2CCC1(C)C(=O)C2,0.5278054308132993,4,2,4,5,4,1,3,5,5,4
73,O=C1NC(=O)NC(=O)C1(CC=C)c1ccccc1,0.3341936429735079,2,2,2,4,5,5,4,5,2,2
74,CCCCC(=O)OCC,0.3905256790442541,2,1,4,5,1,5,2,2,2,3
75,CC(C)CCOC(=O)C,0.5467405689883401,4,4,1,5,1,3,1,3,4,4
76,O=C1N(COC(=O)CCCCC)C(=O)C(N1)(c2ccccc2)c3ccccc3,-1.3306783810669471,2,5,1,3,5,1,1,4,2,2
77,Clc1cccc(c1)c2cc(Cl)ccc2Cl ,-1.3893773094095734,4,5,1,1,4,4,3,2,1,5
78,CCCBr,0.6366824753197835,1,5,3,4,5,2,1,2,4,3
79,CCCC1COC(Cn2cncn2)(O1)c3ccc(Cl)cc3Cl,-0.19788373974513634,2,2,1,3,3,5,4,2,1,2
80,COP(=S)(OC)SCC(=O)N(C)C=O,0.5112371849101387,1,3,2,4,3,3,3,3,2,4
81,Cc1ncnc2nccnc12,1.23503284165107,1,1,2,3,2,2,5,2,4,1
82,NC(=S)N,1.6071083067906202,5,2,4,1,1,5,5,2,3,4
83,Cc1ccc(C)cc1,0.14436888276872478,2,3,3,1,4,5,4,3,3,4
84,CCc1ccccc1CC,-0.09705412896304426,3,1,5,4,4,4,4,4,3,1
85,ClC(Cl)(Cl)C(Cl)(Cl)Cl,-0.2816717261696913,1,1,5,3,4,4,1,3,4,5
86,CC(C)C(C(=O)OC(C#N)c1cccc(Oc2ccccc2)c1)c3ccc(OC(F)F)cc3,-1.7993230508992053,5,1,1,5,2,3,1,1,2,3
87,CCCN(=O)=O,1.07692443788948,4,5,2,3,2,4,4,4,2,2
88,CC(C)C1CCC(C)CC1=O,0.3431878336066523,4,5,5,1,5,5,4,5,2,5
89,CCN2c1cc(Cl)ccc1NC(=O)c3cccnc23 ,-1.0816813140651618,2,1,3,3,5,2,4,5,4,5
90,O=N(=O)c1c(Cl)c(Cl)ccc1,-0.19172981983824794,1,2,3,3,3,5,3,3,2,4
91,CCCC(C)C1(CC=C)C(=O)NC(=S)NC1=O ,-0.1822622507507276,1,1,2,1,5,1,4,5,1,4
92,c1ccc2c(c1)c3cccc4cccc2c34,-1.3846435248658129,1,2,2,5,3,4,1,2,4,4
93,CCCOC(C)C,0.8213000725264304,2,5,2,1,1,2,4,1,2,3
94,Cc1cc(C)c2ccccc2c1,-0.5751663678828225,4,1,5,4,1,3,2,4,2,5
95,CCC(=C(CC)c1ccc(O)cc1)c2ccc(O)cc2 ,-0.4710231079200986,3,4,3,3,2,3,4,1,2,2
96,c1(C#N)c(Cl)c(C#N)c(Cl)c(Cl)c(Cl)1,-1.2142272812904469,3,2,3,3,5,2,2,3,1,1
97,Clc1ccc(Cl)c(c1)c2ccc(Cl)c(Cl)c2,-1.976366592835836,4,1,1,2,1,2,3,4,4,2
98,C1OC1c2ccccc2 ,0.6982216743886658,5,5,1,3,4,4,4,1,3,2
99,CC(C)c1ccccc1,-0.0923203444192842,4,2,2,1,1,2,2,3,1,2
100,CC12CCC3C(CCC4=CC(=O)CCC34C)C2CCC1C(=O)CO,-0.1775284662069675,1,5,4,2,3,1,5,3,5,1
101,c2(Cl)c(Cl)c(Cl)c1nccnc1c2(Cl) ,-1.1148178058714828,1,3,1,5,5,2,1,4,4,2
102,C1OC(O)C(O)C(O)C1O,1.6402447985969415,4,3,5,1,4,1,5,2,1,4
103,ClCCl,1.1573987751334032,1,3,3,3,3,5,1,4,5,5
104,CCc1cccc2ccccc12,-0.5183609533577003,4,4,3,4,1,5,3,3,2,4
105,COC=O,1.730186704928385,5,2,5,2,1,3,3,1,5,3
106,Oc1ccccc1N(=O)=O,0.6319486907760233,1,3,4,4,4,2,4,5,3,1
107,Cc1c[nH]c(=O)[nH]c1=O ,0.7427192491000115,2,4,4,5,4,4,1,2,5,5
108,CC(C)C,0.24851214273144884,3,4,4,5,2,5,5,1,3,4
109,OCC1OC(C(O)C1O)n2cnc3c(O)ncnc23,0.8733717025077925,1,2,3,1,4,3,1,1,3,1
110,Oc1c(I)cc(C#N)cc1I,-0.2532690189071302,4,3,2,5,2,3,2,2,2,5
111,Oc1ccc(Cl)cc1C(=O)Nc2ccc(cc2Cl)N(=O)=O,-0.7692515341769899,1,3,5,5,1,2,5,3,1,3
112,CCCCC,-0.04971628352544264,5,3,1,5,4,4,5,2,4,3
113,c1ccccc1O,1.4556272013902944,4,3,1,5,5,3,4,5,2,2
114,Nc3ccc2cc1ccccc1cc2c3 ,-0.9917394077337184,4,1,4,2,5,3,3,4,3,4
115,Cn1cnc2n(C)c(=O)[nH]c(=O)c12 ,0.26129336099960115,5,4,2,4,3,1,2,2,5,4
116,c1ccc2cnccc2c1,0.7692284425450685,1,5,5,1,1,4,1,5,2,2
117,COP(=S)(OC)SCC(=O)N(C(C)C)c1ccc(Cl)cc1,-0.6423861084042172,5,3,5,3,2,5,3,3,3,1
118,CCCCCCc1ccccc1,-1.0106745459087592,5,2,2,4,5,5,2,5,3,4
119,Clc1ccccc1c2ccccc2,-0.693510981476827,3,4,5,3,2,5,5,3,1,2
120,CCCC(=C)C,0.021290484630960227,1,5,1,5,1,5,2,2,1,3
121,CC(C)C(C)C(C)C,-0.8165893796145915,5,3,2,4,4,5,1,1,3,3
122,Clc1cc(Cl)c(Cl)c(Cl)c1Cl,-1.2189610658342072,3,1,1,2,2,2,1,3,1,2
123,Oc1cccc(c1)N(=O)=O,0.9775149624705164,5,2,2,2,1,4,5,4,3,4
124,CCCCCCCCC=C,-1.1526880822215644,2,3,3,3,5,2,3,2,1,4
125,CC(=O)OCC(COC(=O)C)OC(=O)C,1.1716001287646838,2,5,4,5,3,4,4,4,1,4
126,CCCCc1c(C)nc(nc1O)N(C)C ,0.3952594635880142,2,5,4,4,1,3,3,5,2,1
127,CC1(C)C(C=C(Cl)Cl)C1C(=O)OC(C#N)c2ccc(F)c(Oc3ccccc3)c2,-2.01755051836655,2,2,1,4,3,1,1,3,3,4
128,c1ccncc1,1.815394826716068,5,3,3,3,1,5,3,4,1,2
129,CCCCCCCBr,-0.6414393514954648,1,5,4,4,5,4,5,5,1,1
130,Cc1ccncc1C,1.626043444965661,2,3,1,3,4,4,2,1,5,3
131,CC34CC(O)C1(F)C(CCC2=CC(=O)CCC12C)C3CCC4(O)C(=O)CO ,-0.16806089711944713,1,1,1,5,5,1,5,1,3,4
132,CCSCc1ccccc1OC(=O)NC ,0.466266231744417,4,3,5,1,3,3,5,4,2,1
133,CCOC(=O)CC(=O)OCC,1.06745686880196,5,1,2,2,5,2,3,3,1,3
134,CC1=CCC(CC1)C(C)=C,-0.5609650142515419,1,4,4,1,4,1,1,4,3,1
135,C1Cc2ccccc2C1,0.016556700087199942,3,2,2,2,1,2,2,1,4,4
136,CC(C)(C)c1ccc(O)cc1,0.3147851263440912,5,2,3,4,3,3,3,2,3,2
137,O=C2NC(=O)C1(CC1)C(=O)N2 ,0.5628354364371247,4,3,2,4,2,5,1,2,2,4
138,Clc1cccc(I)c1,-0.2248663116445691,3,4,5,3,3,5,4,2,4,3
139,Brc1cccc2ccccc12,-0.6035690751453834,4,1,4,3,5,5,5,5,3,4
140,CC/C=C/C,0.2532459272752089,5,4,5,2,2,3,2,3,5,5
141,Cc1cccc(C)n1,1.6686475058595027,2,1,4,5,3,5,3,5,3,4
142,ClC=C(Cl)Cl,0.5278054308132993,5,4,5,1,3,4,1,5,2,3
143,Nc1cccc2ccccc12,0.5467405689883401,5,2,4,3,4,2,4,2,1,2
144,Cc1cccc(C)c1,0.12069996004992398,2,2,2,3,5,1,1,3,3,4
145,Oc2ncc1nccnc1n2,0.5339593507201875,2,2,1,3,5,3,4,2,3,4
146,CO,2.1988313747606427,1,2,2,5,1,2,3,5,2,5
147,CCC1(CCC(C)C)C(=O)NC(=O)NC1=O,0.28732917599028224,2,1,3,5,4,4,1,3,1,2
148,CCC(=O)C,1.7017839976658238,1,4,2,1,3,2,4,3,2,3
149,Fc1c[nH]c(=O)[nH]c1=O ,0.9457986060273232,3,1,3,4,3,5,2,5,3,2
150,Nc1ncnc2n(ccc12)C3OC(CO)C(O)C3O ,0.5325392153570595,4,5,2,1,3,1,4,5,1,3
151,Oc1cccc(O)c1,1.8390637494348687,1,1,4,1,2,5,1,1,1,2
152,CCCCCCO,0.8686379179640322,5,5,4,3,4,4,4,4,3,3
153,CCCCCCl,0.16330402094376553,2,3,5,4,1,1,5,5,4,1
154,C=CC=C,0.5704094917071411,4,3,4,2,3,1,3,3,2,2
155,CCCOC(=O)C,1.1147947142395616,4,5,5,3,1,1,2,2,5,1
156,Oc2ccc1CCCCc1c2 ,0.5136040771820188,4,4,5,4,3,3,4,5,3,1
157,NC(=O)CCl ,1.446159632302774,2,1,3,5,3,2,2,3,1,4
158,COP(=S)(OC)Oc1cc(Cl)c(I)cc1Cl,-1.6781381665789443,3,5,2,1,2,5,5,5,4,2
159,Cc1ccc(Cl)cc1,-0.002378438087840798,1,5,2,2,1,1,1,4,3,4
160,CSc1nnc(c(=O)n1N)C(C)(C)C,0.3891055436811261,3,4,5,2,4,2,4,3,3,2
161,Cc1ccc(OP(=O)(Oc2cccc(C)c2)Oc3ccccc3C)cc1,-1.3893773094095734,3,3,4,3,4,2,2,2,5,1
162,CCCCCC=O,0.8402352107014712,3,3,3,4,5,3,4,5,3,3
163,CCCCOC(=O)c1ccc(N)cc1,-0.003325194996592729,2,4,1,4,2,4,5,4,1,3
164,O2c1cc(C)ccc1N(C)C(=O)c3cc(N)cnc23 ,0.015136564724071832,3,4,1,2,3,3,3,5,1,5
165,CC(C)=CCC/C(C)=C\CO,0.2911162036252904,2,5,4,4,3,5,5,5,3,1
166,Clc1ccc(cc1)c2ccccc2Cl ,-1.0438110377150804,4,1,2,4,1,4,2,3,1,3
167,O=C1N(COC(=O)CCCCCCC)C(=O)C(N1)(c2ccccc2)c3ccccc3,-1.6322204565044705,2,5,1,4,3,4,2,3,5,3
168,CCN(=O)=O,1.3514839414275706,4,5,4,2,1,2,3,5,2,5
169,CCN(CC(C)=C)c1c(cc(cc1N(=O)=O)C(F)(F)F)N(=O)=O,-1.4433424532084391,2,1,3,5,4,3,3,2,2,5
170,Clc1ccc(Cl)c(Cl)c1Cl,-0.7077123351081076,5,4,1,3,4,2,3,2,5,2
171,CCCC(C)(COC(N)=O)COC(N)=O ,0.6002323343328301,5,3,2,4,5,3,5,1,2,2
172,CC(=O)C3CCC4C2CC=C1CC(O)CCC1(C)C2CCC34C ,-0.7455826114581892,5,1,5,4,3,2,3,1,5,1
173,CI,0.9822487470142766,1,1,1,4,1,1,3,3,5,2
174,CC1CC(C)C(=O)C(C1)C(O)CC2CC(=O)NC(=O)C2 ,0.9207095479453944,5,1,1,2,2,1,5,1,4,3
175,O=C1N(COC(=O)CCCCCC)C(=O)C(N1)(c2ccccc2)c3ccccc3,-1.5271304396329948,1,5,1,1,5,1,3,1,2,3
176,CC1=CC(=O)CC(C)(C)C1 ,0.9538460397517154,2,5,1,5,5,4,4,2,3,5
177,O=C1NC(=O)NC(=O)C1(CC)C(C)CC,0.3242526954316116,4,4,4,5,5,1,1,5,4,3
178,CCCCC(=O)CCCC,0.23431078910016814,5,1,2,2,2,2,4,2,3,5
179,CCC1(CCC(=O)NC1=O)c2ccccc2 ,0.3493417535135405,4,5,4,5,3,4,2,3,4,5
180,CCC(C)CC,-0.2864055107134516,2,4,2,2,3,3,5,1,1,1
181,CCOc1ccc(cc1)C(C)(C)COCc3cccc(Oc2ccccc2)c3,-2.61542750624346,1,5,4,2,2,2,1,3,2,3
182,Cc1ccccc1n3c(C)nc2ccccc2c3=O,0.0709952223404421,3,1,5,5,1,5,1,1,5,5
183,ClCC#N,1.4120763835877008,1,3,2,3,5,3,3,4,2,2
184,CCOP(=S)(CC)Oc1cc(Cl)c(Cl)cc1Cl,-1.2672456681805615,5,4,1,1,3,4,5,2,1,3
185,CC12CCC(=O)C=C1CCC3C2CCC4(C)C3CCC4(O)C#C ,-1.2236948503779672,2,5,3,3,2,4,2,1,2,4
186,c1ccnnc1,1.9763435012039143,3,3,2,5,3,3,1,2,5,2
187,Clc1cc(Cl)c(Cl)c(Cl)c1,-0.7361150423706685,4,5,4,3,3,4,2,3,4,3
188,C1C(O)CCC2(C)CC3CCC4(C)C5(C)CC6OCC(C)CC6OC5CC4C3C=C21,-2.0095030846421573,3,2,4,5,5,4,2,5,3,4
189,Nc1ccccc1O,1.1147947142395616,4,5,2,2,2,3,2,5,1,3
190,CCCCCCCCC(=O)OCC,-0.3432109252385736,3,1,2,4,3,2,5,4,3,2
191,COCC(=O)N(C(C)C(=O)OC)c1c(C)cccc1C ,0.6977482959342898,3,5,3,4,2,2,5,1,5,4
192,CNC(=O)Oc1ccccc1OC(C)C,0.4852013699194578,5,4,5,4,4,2,5,3,4,5
193,CCC(C)Cl,0.5278054308132993,1,3,1,2,2,1,3,1,1,1
194,Oc1ccc2ccccc2c1,0.3763243254129737,2,5,1,3,4,4,1,2,5,3
195,CC(C)Oc1cc(c(Cl)cc1Cl)n2nc(oc2=O)C(C)(C)C,-1.2407364747355043,1,1,5,4,4,3,1,5,4,2
196,CCCCC#C,0.3384540490628922,2,2,5,4,3,4,4,1,5,4
197,CCCCCCCC#C,-0.5514974451640217,1,4,4,2,1,1,2,1,5,4
198,Cc1ccccc1Cl,-0.21066495801328866,5,5,4,3,2,4,5,3,3,1
199,CC(C)OC(C)C,0.9349109015766748,5,1,2,5,4,1,5,4,2,1
200,Nc1ccc(cc1)S(=O)(=O)c2ccc(N)cc2,-0.00900573644910495,1,5,1,2,2,1,1,3,4,4
201,CNN,2.0899543302541588,4,3,4,5,1,2,5,4,2,2
202,CC#C,1.2615420350961268,4,1,4,5,4,3,1,1,1,2
203,CCOP(=S)(OCC)ON=C(C#N)c1ccccc1,-0.8459388437859048,3,4,1,2,2,1,5,4,4,2
204,CCNP(=S)(OC)OC(=CC(=O)OC(C)C)C,-0.15764657112317462,1,4,3,2,3,2,5,1,2,1
205,C=CC=O,1.7254529203846247,5,1,2,1,3,4,2,1,2,1
206,O=c1[nH]cnc2nc[nH]c12 ,0.3687502701429574,5,5,2,3,5,1,5,1,1,2
207,Oc2ccc1ncccc1c2 ,0.4331297399380957,1,5,2,1,3,3,4,2,3,4
208,Fc1ccccc1,0.6035459835134622,2,2,5,5,5,5,1,3,2,2
209,CCCCl,0.7597608734575482,5,1,4,4,3,2,4,5,1,4
210,CCOC(=O)C,1.4366920632152538,1,1,5,5,1,2,2,5,3,1
211,CCCC(C)(C)C,-0.6083028596891439,3,5,2,5,5,3,2,5,1,1
212,Cc1cc(C)c(C)c(C)c1C,-0.4378866161137773,5,4,2,2,3,2,3,2,2,2
213,CC12CCC(CC1)C(C)(C)O2 ,0.6792865362136251,3,5,3,5,3,1,1,5,1,4
214,CCCCOC(=O)CCCCCCCCC(=O)OCCCC,-0.38865525685867136,5,3,4,3,5,2,5,3,3,2
215,Clc1ccc(cc1)c2ccc(Cl)cc2 ,-1.649735459316383,4,1,4,2,2,2,5,5,4,3
216,Cc1cccnc1C,1.6355110140531812,5,3,5,3,2,3,5,1,2,4
217,CC(=C)C1CC=C(C)C(=O)C1,0.4804675853756975,2,2,1,5,2,1,5,3,3,2
218,CCOP(=S)(OCC)SCSc1ccc(Cl)cc1,-1.2596716129105452,2,1,2,3,3,3,3,1,4,1
219,COc1cc(cc(OC)c1O)C6C2C(COC2=O)C(OC4OC3COC(C)OC3C(O)C4O)c7cc5OCOc5cc67,-0.2348072591864657,3,3,2,1,3,4,4,5,4,1
220,c1cc2cccc3c4cccc5cccc(c(c1)c23)c54,-2.711996710936168,5,1,5,1,3,3,2,1,5,5
221,Cc1ccc(cc1N(=O)=O)N(=O)=O,0.12069996004992398,3,5,5,2,5,3,2,1,3,3
222,c1c(Br)ccc2ccccc12 ,-0.6272379978641847,1,2,4,1,1,2,2,3,4,2
223,CNC(=O)Oc1cccc(N=CN(C)C)c1,0.3479216181504126,3,4,4,1,2,5,4,1,5,3
224,COc2cnc1ncncc1n2,0.91644914185601,2,2,2,1,4,3,1,5,5,1
225,Cc3ccnc4N(C1CC1)c2ncccc2C(=O)Nc34 ,-0.05445006806920272,4,2,5,5,3,5,3,1,3,2
226,CCOP(=S)(OCC)Oc1nc(Cl)n(n1)C(C)C,-0.2759911847171791,2,4,3,4,2,2,4,3,2,1
227,CC(=C)C=C,0.4946689390069782,3,3,2,1,4,3,1,5,1,3
228,CC(C)=CCCC(O)(C)C=C,0.5136040771820188,3,5,1,4,1,2,1,4,2,5
229,COP(=S)(OC)Oc1ccc(SC)c(C)c1,-0.7077123351081076,4,5,2,2,3,3,1,3,3,5
230,OC1CCCCC1,1.247340681464847,2,1,3,3,5,2,2,2,1,5
231,O=C1NC(=O)NC(=O)C1(C)CC=C,0.9065081943141138,4,3,2,3,2,1,2,5,5,1
232,CC34CCC1C(CCC2CC(O)CCC12C)C3CCC4=O,-0.5136271688139402,1,5,2,4,2,5,1,3,5,4
233,OCC(O)C(O)C(O)C(O)CO ,1.4840299086528557,2,1,2,5,2,2,5,5,4,5
234,Cc1ccc(cc1)c2ccccc2,-0.7313812578269084,3,4,1,1,1,4,3,1,1,2
235,CCNc1nc(Cl)nc(NC(C)C)n1,-0.3668798479573746,2,1,3,5,5,1,5,5,3,1
236,NC(=S)Nc1ccccc1,0.6177473371447427,1,5,3,3,3,3,1,4,5,3
237,CCCC(=O)CCC,0.8402352107014712,4,2,4,2,5,3,1,5,5,3
238,CC(=O)C(C)(C)C,1.1147947142395616,1,1,4,3,3,5,2,2,2,2
239,Oc1ccc(Cl)cc1,1.124262283327082,4,3,2,3,4,4,1,1,5,2
240,O=C1CCCCC1,1.1716001287646838,3,3,2,3,2,4,2,3,5,4
241,Cc1cccc(N)c1,1.0532555151706793,4,2,3,4,4,4,2,5,5,5
242,ClC(Cl)(Cl)C#N,0.4293427123030875,4,1,3,4,2,1,5,1,5,2
243,CNc2cnn(c1cccc(c1)C(F)(F)F)c(=O)c2Cl,-0.4596620250150743,4,4,3,1,5,5,5,5,4,4
244,CCCCCCCCC(=O)C,-0.10652169805056463,1,5,3,5,1,4,4,4,5,4
245,CCN(CC)c1nc(Cl)nc(NC(C)C)n1,-0.3361102484229335,1,2,4,5,4,4,3,1,2,3
246,CCOC(=O)c1ccc(N)cc1,0.21726916474263155,2,2,4,5,3,2,1,1,1,2
247,Clc1ccc(Cl)c(Cl)c1,-0.24380144981960986,4,4,4,3,4,1,2,3,3,5
248,Cc3nnc4CN=C(c1ccccc1Cl)c2cc(Cl)ccc2n34,-0.4804906770076188,1,3,4,3,3,4,1,5,2,3
249,Oc1ccccc1O,1.7491218431034257,1,5,1,3,3,3,4,3,3,2
250,CCN2c1ncccc1N(C)C(=O)c3cccnc23 ,0.21537565092512745,1,1,5,4,1,5,2,4,5,3
251,CSC,1.2426068969210864,4,5,2,1,1,3,2,2,4,5
252,Cc1ccccc1Br,0.3999932481317745,5,5,2,3,4,4,5,1,2,5
253,CCOC(=O)N,1.8579988876099096,2,4,5,1,2,5,1,2,4,3
254,CC(=O)OC3(CCC4C2C=C(C)C1=CC(=O)CCC1(C)C2CCC34C)C(C)=O ,-1.0769475295214013,1,1,5,5,1,2,5,4,3,4
255,CC(C)C(O)C(C)C,0.8781054870515527,4,3,2,3,4,5,5,2,5,2
256,c1ccc2ccccc2c1,-0.2485352343633701,2,5,4,5,3,3,2,1,4,5
257,CCNc1ccccc1,0.650883828951064,4,5,2,1,5,5,5,2,3,4
258,O=C1NC(=O)C(N1)(c2ccccc2)c3ccccc3,-0.4838043261882512,1,2,2,4,4,1,2,2,5,1
259,Cc1c2ccccc2c(C)c3ccc4ccccc4c13,-1.8674895483293512,4,3,3,1,5,3,5,2,2,5
260,CCOP(=S)(OCC)SC(CCl)N1C(=O)c2ccccc2C1=O,-1.5455921993536592,3,1,3,2,1,3,5,5,3,1
261,COc1ccc(cc1)C(c2ccc(OC)cc2)C(Cl)(Cl)Cl,-1.8059503492604692,5,5,3,2,1,1,1,1,3,4
262,Fc1cccc(F)c1C(=O)NC(=O)Nc2cc(Cl)c(F)c(Cl)c2F ,-1.990567946467116,5,4,4,1,4,3,5,4,3,4
263,O=C1N(COC(=O)CCCC)C(=O)C(N1)(c2ccccc2)c3ccccc3,-0.7588372081807174,2,1,1,3,1,5,4,2,1,1
264,CN(C)C(=O)Nc1ccc(Cl)cc1,0.08756346824360259,1,4,3,2,4,3,2,2,5,2
265,OC(Cn1cncn1)(c2ccc(F)cc2)c3ccccc3F,-0.13965818985688602,1,5,4,1,5,1,3,5,3,2
266,CC(=O)OCC(=O)C3(O)C(CC4C2CCC1=CC(=O)C=CC1(C)C2(F)C(O)CC34C)OC(C)=O ,-0.4994258151826596,4,5,3,5,5,2,1,1,2,4
267,CCCCBr,0.33372026451913195,1,1,2,1,4,2,2,4,4,4
268,Brc1cc(Br)c(Br)cc1Br,-1.848554410154311,4,1,5,1,1,3,2,1,4,2
269,CC(C)CC(=O)C,1.1053271451520414,5,2,1,2,4,5,1,4,1,5
270,CCSC(=O)N(CC)C1CCCCC1 ,-0.15385954348816647,5,1,3,2,5,3,4,4,2,4
271,COc1ccc(Cl)cc1,0.13963509822496473,5,4,5,3,2,4,5,2,4,2
272,CC1(C)C(C=C(Br)Br)C1C(=O)OC(C#N)c2cccc(Oc3ccccc3)c2,-2.521698572277009,3,3,5,2,2,1,5,3,5,2
273,CCC(C)C1(CC=C)C(=O)NC(=O)NC1=O,0.5012962373682424,3,4,3,2,2,1,5,5,3,2
274,COP(=S)(OC)Oc1ccc(N(=O)=O)c(C)c1,-0.456821754288818,1,4,2,3,3,1,4,4,2,3
275,Ic1cccc2ccccc12,-0.698244766020587,5,2,1,1,3,3,4,2,3,4
276,OCC(O)C(O)C(O)C(O)CO,1.9716097166601545,2,4,1,2,2,3,5,3,1,5
277,CCS,1.1716001287646838,5,1,1,3,4,2,3,4,2,2
278,ClCC(Cl)Cl,0.7550270889137879,4,5,2,5,4,1,4,4,4,4
279,CN(C)C(=O)Oc1cc(C)nn1c2ccccc2,0.466266231744417,3,1,1,3,5,3,1,5,5,1
280,NC(=O)c1ccccc1O,0.5940784144259418,2,2,5,3,2,2,5,4,5,4
281,Cc1ccccc1N(=O)=O,0.3526554026941727,2,3,4,1,1,1,3,5,1,1
282,O=C1NC(=O)NC(=O)C1(C(C)C)C(C)C,0.14626239658622886,1,2,3,1,3,5,1,4,3,4
283,CCc1ccccc1C,-0.06391763715672308,1,2,4,2,5,5,5,3,1,5
284,CCCCCCCCl,-0.4378866161137773,1,4,1,4,2,2,1,5,4,4
285,O=C1NC(=O)NC(=O)C1(CC)CC,0.3195189108878515,5,4,5,4,1,3,3,3,4,3
286,C(Cc1ccccc1)c2ccccc2,-0.7313812578269084,1,5,4,2,1,2,2,1,5,5
287,ClC(Cl)C(Cl)Cl,0.6319486907760233,3,5,2,4,3,1,4,3,1,3
288,CCN2c1cc(OC)cc(C)c1NC(=O)c3cccnc23 ,-0.9836919740093258,2,5,4,3,1,2,3,5,1,3
289,Cc1ccc2c(ccc3ccccc32)c1,-1.3089029721656502,2,2,4,1,2,3,3,4,5,1
290,CCCCOC(=O)c1ccccc1C(=O)OCCCC ,-0.6272379978641847,4,1,2,2,3,5,1,5,2,3
291,COc1c(O)c(Cl)c(Cl)c(Cl)c1Cl ,-0.44735418520129744,4,4,4,2,3,2,4,3,3,4
292,CCN(CC)C(=O)C(=CCOP(=O)(OC)OC)Cl,1.7032041330289518,1,2,4,5,4,1,4,3,5,2
293,CC34CCC1C(=CCc2cc(O)ccc12)C3CCC4=O,-1.0447577946238322,2,3,3,3,5,4,2,4,4,3
294,CCOC(=O)c1ccccc1S(=O)(=O)NN(C=O)c2nc(Cl)cc(OC)n2,-0.7105526058343639,3,3,1,5,1,4,1,3,3,5
295,COc1ccc(cc1)N(=O)=O,0.3147851263440912,4,1,1,2,3,4,2,5,5,2
296,CCCCCCCl,-0.02131357626288153,2,2,5,1,3,3,4,2,2,5
297,Clc1cc(c(Cl)c(Cl)c1Cl)c2cc(Cl)c(Cl)c(Cl)c2Cl,-2.8805194406940298,1,5,4,4,4,3,2,1,5,2
298,OCC1OC(CO)(OC2OC(COC3OC(CO)C(O)C(O)C3O)C(O)C(O)C2O)C(O)C1O,1.2615420350961268,3,4,3,3,4,3,4,4,5,3
299,CCCCCCCCCCCCCCCCCCCCCCCCCC,-2.489508837379439,5,3,5,4,2,1,3,2,1,1
300,CCN2c1ccccc1N(C)C(=O)c3cccnc23 ,-0.11788278095558907,1,1,4,1,4,3,5,2,3,1
301,CC(Cl)Cl,0.8449689952452314,4,3,3,2,3,4,4,4,5,3
302,Nc1ccc(cc1)S(N)(=O)=O,0.8213000725264304,2,4,5,2,4,5,3,1,1,2
303,CCCN(CCC)c1c(cc(cc1N(=O)=O)C(C)C)N(=O)=O,-1.6165989675100618,3,5,3,1,1,2,3,2,2,1
304,ClC1C(Cl)C(Cl)C(Cl)C(Cl)C1Cl,-0.7408488269144287,5,3,2,3,4,2,5,1,1,5
305,CCOP(=S)(NC(C)C)Oc1ccccc1C(=O)OC(C)C,-0.5297220362627247,2,4,2,1,4,3,5,5,1,3
306,Clc1cccc(Cl)c1Cl,-0.4378866161137773,2,5,1,4,2,4,4,2,1,5
307,ClC(Cl)(Cl)Cl,0.36212297178169306,1,1,3,3,5,1,2,3,1,2
308,O=N(=O)c1cc(Cl)c(Cl)cc1,-0.059183852612962995,1,4,3,1,5,3,3,5,5,1
309,OC1CCCCCCC1,0.8449689952452314,4,5,2,3,2,2,3,5,1,2
310,CC1(O)CCC2C3CCC4=CC(=O)CCC4(C)C3CCC21C,-0.4374132376594013,3,3,1,3,4,4,5,4,4,1
311,CCOc1ccc(NC(N)=O)cc1,0.4283959553943356,3,2,3,2,5,1,4,1,5,1
312,C/C1CCC(\C)CC1,-0.6603744896705056,1,4,2,1,5,5,5,4,5,1
313,c1cnc2c(c1)ccc3ncccc23,0.18697294366256634,3,1,3,1,5,3,3,5,3,4
314,COC(C)(C)C,1.3420163723400504,3,5,5,3,5,4,3,3,4,3
315,COc1ccc(C=CC)cc1,-0.026047360806641613,3,2,5,2,3,1,4,1,2,5
316,CCCCCCCCCCCCCCCCO,-1.858021979241831,4,2,5,3,5,2,5,3,5,4
317,O=c1cc[nH]c(=O)[nH]1 ,0.7512400612787797,2,3,5,1,3,3,4,1,1,3
318,Nc1ncnc2nc[nH]c12 ,0.4520648781131365,2,5,3,2,2,5,4,5,1,5
319,Clc1cc(Cl)c(cc1Cl)c2cccc(Cl)c2Cl ,-1.9574314546607947,2,3,2,1,5,5,2,3,4,3
320,COc1ccc(cc1)C(O)(C2CC2)c3cncnc3 ,0.2267367338301519,3,5,1,1,2,2,2,5,3,1
321,c1ccc2c(c1)c3cccc4c3c2cc5ccccc54,-2.440277478124333,5,1,1,4,5,2,3,3,4,1
322,O=C(Nc1ccccc1)Nc2ccccc2,-0.03551492989416198,5,1,4,2,5,4,3,5,4,5
323,CCC1(C(=O)NC(=O)NC1=O)c2ccccc2 ,0.3564424303291808,4,2,4,2,4,4,2,1,5,3
324,Clc1ccc(cc1)c2cccc(Cl)c2Cl ,-1.5219232766348585,5,4,3,3,1,2,2,4,1,3
325,CC(C)c1ccc(NC(=O)N(C)C)cc1,-0.21823901328330494,4,1,5,4,5,1,5,4,4,2
326,CCN(CC)C(=O)CSc1ccc(Cl)nn1,0.6433097736810477,5,4,4,4,5,5,2,5,5,3
327,CCC(C)(C)CO,0.963313608839236,2,3,2,4,4,5,3,5,4,4
328,CCCOC(=O)CCC,0.6272149062322632,2,4,2,2,5,3,1,5,4,4
329,Cc1c(cc(cc1N(=O)=O)N(=O)=O)N(=O)=O,-0.06865142170048337,3,3,3,2,2,2,5,2,5,4
330,CC(C)OP(=S)(OC(C)C)SCCNS(=O)(=O)c1ccccc1,-0.532562306988981,2,2,2,1,1,3,4,1,3,1
331,C1CCCCCC1,-0.2059311734695284,2,1,2,5,4,1,5,4,1,4
332,CCCOC=O,1.2236717587460457,1,4,5,4,4,5,4,3,4,1
333,CC(C)c1ccccc1C,-0.3242757870635329,1,5,5,2,1,5,1,2,5,2
334,Nc1cccc(Cl)c1,0.8070987188951498,1,1,3,1,4,2,2,3,2,5
335,CC(C)CC(C)C,-0.5609650142515419,3,2,3,5,5,5,1,3,4,4
336,o1c2ccccc2c3ccccc13,-0.7219136887393879,5,5,1,3,5,3,4,2,1,2
337,CCOC2Oc1ccc(OS(C)(=O)=O)cc1C2(C)C,-0.16332711257568686,4,5,2,4,3,3,3,3,2,4
338,CN(C)C(=O)Nc1cccc(c1)C(F)(F)F,-0.16806089711944713,3,5,4,5,3,1,4,5,1,4
339,c3ccc2nc1ccccc1cc2c3,-0.2816717261696913,5,3,2,1,1,3,1,5,5,3
340,CC12CC(=O)C3C(CCC4=CC(=O)CCC34C)C2CCC1(O)C(=O)CO,-0.016579791719121245,1,4,4,3,4,4,2,5,4,5
341,OCC1OC(O)C(O)C(O)C1O,1.805927257628548,1,3,3,4,3,1,1,1,1,2
342,Cc1cccc(O)c1,1.1337298524146022,3,5,4,1,4,3,3,2,5,1
343,CC2Cc1ccccc1N2NC(=O)c3ccc(Cl)c(c3)S(N)(=O)=O ,-0.24190793600210603,5,3,5,4,4,1,1,3,1,5
344,CCC(C)C(=O)OC2CC(C)C=C3C=CC(C)C(CCC1CC(O)CC(=O)O1)C23 ,-1.3870104171376931,1,1,4,5,1,2,3,1,2,2
345,O=N(=O)c1ccc(cc1)N(=O)=O,-0.14912575894440638,2,4,2,5,5,3,5,5,1,4
346,CCC1(C(=O)NC(=O)NC1=O)C2=CCC3CCC2C3,0.17939888839255005,1,3,3,5,2,2,1,4,4,5
347,CCCCCCCCCC(=O)OCC,-0.4852244615513789,5,5,5,4,2,4,1,2,5,2
348,CN(C)C(=O)Nc1ccccc1,0.6982216743886658,3,2,4,4,3,4,2,3,4,4
349,CCCOCC,1.1431974215021226,5,4,2,4,2,4,1,4,1,3
350,CC(C)O,1.6591799367719824,3,5,1,3,2,5,5,5,1,5
351,Cc1ccc2ccccc2c1,-0.3290095716072932,5,4,1,2,5,5,3,5,3,3
352,ClC(Br)Br,0.5562081380758604,3,3,3,1,3,5,4,2,3,1
353,CCC(C(CC)c1ccc(O)cc1)c2ccc(O)cc2,-0.6414393514954648,1,4,1,1,3,1,5,1,3,3
354,CCOC(=O)CC(SP(=S)(OC)OC)C(=O)OCC,-0.13965818985688602,5,4,2,1,2,5,1,4,5,1
355,ClCc1ccccc1,0.3242526954316116,1,5,3,1,4,3,2,1,1,4
356,C/C=C/C=O,1.6071083067906202,4,5,5,4,5,1,5,4,4,1
357,CON(C)C(=O)Nc1ccc(Br)c(Cl)c1,-0.4019098535811999,5,4,3,2,3,1,2,2,4,5
358,Cc1c2ccccc2c(C)c3ccccc13,-1.6544692438601436,3,4,4,3,5,4,4,4,3,1
359,CCCCCC(=O)OC,0.5704094917071411,5,3,1,3,1,2,2,3,2,5
360,CN(C)C(=O)Nc1ccc(c(Cl)c1)n2nc(oc2=O)C(C)(C)C,-0.5931547491491113,3,3,5,2,5,1,2,3,5,2
361,CC(=O)Nc1ccc(F)cc1,0.6130135526009826,5,2,1,2,1,3,3,2,5,5
362,CCc1cccc(CC)c1N(COC)C(=O)CCl ,-0.0875865598755239,5,5,1,2,3,2,3,1,1,4
363,C1CCC=CC1,0.2295770045564081,2,1,3,1,2,4,2,5,3,1
364,CC12CC(O)C3C(CCC4=CC(=O)CCC34C)C2CCC1(O)C(=O)CO,-0.007112222631600876,4,2,1,2,5,1,5,2,2,3
365,c1cncnc1,1.9763435012039143,1,2,5,2,1,1,5,2,2,2
366,Clc1ccc(cc1)N(=O)=O,0.07336211461232214,1,5,5,5,1,5,3,3,5,1
367,CCC(=O)OC,1.3893542177776521,1,4,3,5,2,2,2,3,2,5
368,Clc1ccccc1N(=O)=O,0.24851214273144884,1,2,5,1,5,4,2,4,5,2
369,CCCCN(C)C(=O)Nc1ccc(Cl)c(Cl)c1,-0.8023880259833109,4,3,5,2,5,1,4,3,4,1
370,CN1CC(O)N(C1=O)c2nnc(s2)C(C)(C)C,0.5670958425265088,3,2,1,5,5,2,1,1,3,5
371,O=N(=O)c1ccccc1,0.6035459835134622,3,3,3,2,4,2,3,5,5,4
372,Ic1ccccc1,0.030758053718480595,1,2,3,2,4,2,1,2,3,3
373,CC2Nc1cc(Cl)c(cc1C(=O)N2c3ccccc3C)S(N)(=O)=O ,-0.3337433561510532,3,1,3,2,1,3,1,1,2,4
374,COc1ccccc1OCC(O)COC(N)=O,0.9893494238299168,1,1,4,3,5,5,1,3,4,5
375,CCCCOCN(C(=O)CCl)c1c(CC)cccc1CC ,-0.5278285224452208,3,3,4,5,3,4,3,4,1,4
376,Oc1cccc(Cl)c1Cl,0.8402352107014712,4,2,4,2,4,3,2,4,4,1
377,CCCC(=O)OC,0.5467405689883401,4,5,1,2,2,5,2,5,5,5
378,CCC(=O)Nc1ccc(Cl)c(Cl)c1,0.03549183826224067,5,4,5,4,2,1,5,5,3,3
379,Nc3nc(N)c2nc(c1ccccc1)c(N)nc2n3,0.3176253970703474,2,5,3,1,4,3,5,3,1,4
380,CCCCCC(=O)OCC,0.3431878336066523,4,2,4,2,3,2,2,5,4,5
381,OCC(O)C2OC1OC(OC1C2O)C(Cl)(Cl)Cl ,0.5846108453384214,5,3,2,3,1,1,3,5,2,1
382,CN(C=Nc1ccc(C)cc1C)C=Nc2ccc(C)cc2C,-1.1337529440465235,1,1,3,2,3,3,4,3,1,2
383,COc1nc(NC(C)C)nc(NC(C)C)n1,0.282595391446522,4,3,3,2,4,5,1,3,2,5
384,CCCCCCC=C,-0.6461731360392253,1,5,5,1,5,5,1,5,1,4
385,Cc1ccc(N)cc1,0.8828392715953128,4,5,5,5,2,2,1,5,2,1
386,Nc1nccs1 ,1.2852109578149282,4,5,4,5,2,1,5,3,5,1
387,c1ccccc1(OC(=O)NC),0.6021258481503342,1,5,1,1,3,3,2,1,3,5
388,CCCC(O)CC,1.07692443788948,4,2,2,3,4,5,3,2,5,4
389,c3ccc2c(O)c1ccccc1cc2c3 ,-0.7834528878082706,4,4,1,2,1,5,3,3,4,4
390,Cc1ccc2cc3ccccc3cc2c1,-1.8390868410667904,1,2,2,4,3,5,2,2,4,3
391,Cc1cccc(C)c1C,-0.059183852612962995,2,4,2,4,3,1,3,3,1,3
392,CNC(=O)Oc1ccc(N(C)C)c(C)c1,0.3384540490628922,2,3,1,4,4,1,4,1,1,2
393,CCCCCCCC(C)O,0.15857023640000525,4,4,1,3,1,4,2,1,1,2
394,CN(C(=O)NC(C)(C)c1ccccc1)c2ccccc2,-0.13019062076936566,4,3,1,3,4,5,2,1,5,5
395,CCCC(=O)CC,1.0627230842581996,3,5,2,2,4,1,5,1,1,4
396,Oc1c(Br)cc(C#N)cc1Br ,-0.12072305168184527,5,2,1,4,4,1,2,2,1,2
397,Clc1ccc(cc1Cl)c2ccccc2 ,-1.5692611220724602,1,5,3,2,5,4,1,2,3,2
398,CN(C(=O)COc1nc2ccccc2s1)c3ccccc3,-0.8511460067840411,2,5,3,4,1,5,2,5,3,4
399,Oc1cccc2ncccc12 ,0.2532459272752089,5,4,1,1,2,5,3,2,1,2
400,CC1=C(SCCO1)C(=O)Nc2ccccc2,-0.0307811453504019,4,2,2,5,1,5,3,2,5,3
401,CCOc2ccc1nc(sc1c2)S(N)(=O)=O ,-0.3479447097823339,3,2,1,3,1,1,1,3,3,5
402,Oc1c(Cl)c(Cl)c(Cl)c(Cl)c1Cl,-0.5704325833390624,3,2,3,4,5,4,4,5,1,5
403,ClCBr,1.0343203769956384,5,1,3,5,5,5,3,1,4,3
404,CCC1(CC)C(=O)NC(=O)N(C)C1=O ,0.3999932481317745,1,3,5,5,4,5,5,5,3,3
405,CC(=O)OCC(=O)C3CCC4C2CCC1=CC(=O)CCC1(C)C2CCC34C ,-0.7361150423706685,4,3,5,4,2,2,2,1,3,1
406,NC(=O)NCc1ccccc1 ,1.0059176697330776,4,5,3,5,2,3,3,5,5,1
407,CN(C)C(=O)Nc1ccc(C)c(Cl)c1,-0.19314995520137604,3,1,1,5,2,5,4,3,1,2
408,CON(C)C(=O)Nc1ccc(Cl)c(Cl)c1,-0.244748206728362,1,4,5,5,5,4,1,1,4,3
409,OC1CCCCCC1,1.0390541615393991,3,5,3,2,1,1,3,4,1,1
410,CS(=O)(=O)c1ccc(cc1)C(O)C(CO)NC(=O)C(Cl)Cl ,0.4359700106643519,5,4,1,3,2,4,1,1,2,2
411,CCCC(C)C1(CC)C(=O)NC(=S)NC1=O ,-0.13492440531312574,2,2,3,4,3,3,3,3,1,1
412,CC(=O)Nc1nnc(s1)S(N)(=O)=O ,0.3384540490628922,3,4,3,2,5,4,4,3,4,5
413,Oc1ccc(cc1)N(=O)=O,1.1053271451520414,2,3,4,5,2,3,1,5,2,3
414,ClC1=C(Cl)C2(Cl)C3C4CC(C=C4)C3C1(Cl)C2(Cl)Cl,-1.5299707103592508,1,5,1,4,3,1,1,5,1,2
415,C1CCOC1,1.6875826440345432,1,3,4,3,5,4,4,3,2,2
416,Nc1ccccc1N(=O)=O,0.5278054308132993,5,2,3,4,3,2,3,3,4,1
417,Clc1cccc(c1Cl)c2cccc(Cl)c2Cl,-1.990567946467116,5,5,2,4,1,4,3,1,1,3
418,CCCCC1C(=O)N(N(C1=O)c2ccccc2)c3ccccc3 ,-0.3479447097823339,5,2,4,2,4,1,5,1,3,1
419,Cc1c(cccc1N(=O)=O)N(=O)=O,0.03549183826224067,5,3,1,2,4,2,4,5,5,3
420,CC(=O)C1CCC2C3CCC4=CC(=O)CCC4(C)C3CCC12C,-0.6367055669517048,3,5,5,5,4,2,2,1,4,1
421,CCN(CC)c1nc(Cl)nc(n1)N(CC)CC,-0.6324451608623209,1,5,2,1,1,4,5,3,4,3
422,ClC(Cl)C(Cl)(Cl)SN2C(=O)C1CC=CCC1C2=O ,-1.1006164522402029,5,2,4,2,4,2,3,5,3,1
423,c1(Br)c(Br)cc(Br)cc1,-0.6745758433017862,5,4,4,2,1,5,1,3,1,5
424,OC3N=C(c1ccccc1)c2cc(Cl)ccc2NC3=O ,-0.4151644503037284,4,2,2,5,1,5,5,1,5,3
425,O=C1NC(=O)NC(=O)C1(C(C)CCC)CC=C,0.3403475628803963,5,4,5,3,1,3,4,1,4,5
426,c1(O)c(C)ccc(C(C)C)c1,0.4710000162881772,5,1,1,5,4,4,5,3,4,5
427,C1SC(=S)NC1(=O),0.6177473371447427,2,1,5,4,4,1,3,4,4,5
428,Oc1ccc(c(O)c1)c3oc2cc(O)cc(O)c2c(=O)c3O ,-0.0037985734509689054,2,1,5,3,2,4,4,4,4,5
429,ClC1(C(=O)C2(Cl)C3(Cl)C14Cl)C5(Cl)C2(Cl)C3(Cl)C(Cl)(Cl)C45Cl,-1.033870090173184,1,5,1,4,3,1,1,3,4,2
430,CCN(CC)C(=S)SSC(=S)N(CC)CC,-0.8449920868771529,2,5,1,5,1,5,2,1,1,1
431,C1CCCCC1,-0.011846007175361164,2,4,4,2,1,4,3,3,2,1
432,ClC1=C(Cl)C(Cl)(C(=C1Cl)Cl)C2(Cl)C(=C(Cl)C(=C2Cl)Cl)Cl,-1.989621189558364,5,2,3,3,2,4,4,5,2,4
433,CN(C)C=Nc1ccc(Cl)cc1C,0.10176482187488324,2,5,4,5,3,1,3,2,5,3
434,CC34CCc1c(ccc2cc(O)ccc12)C3CCC4=O,-1.0248758995400395,5,1,2,4,4,3,2,4,5,5
435,CCCCCCCCO,0.3242526954316116,5,1,3,3,2,3,5,1,4,5
436,CCSCC,0.8213000725264304,3,3,2,4,3,1,5,3,2,1
437,ClCCCl,0.9538460397517154,1,4,3,3,3,3,2,3,4,4
438,CCC(C)(C)Cl,0.2674472809064896,4,3,2,4,4,3,2,4,2,2
439,ClCCBr,0.8307676416139508,1,4,3,5,1,5,4,4,1,2
440,Nc1ccc(cc1)N(=O)=O,0.33372026451913195,5,3,4,1,1,5,2,3,2,4
441,OCC1OC(OC2C(O)C(O)C(O)OC2CO)C(O)C(O)C1O,1.3401228585225458,1,1,3,2,2,3,3,1,2,3
442,CCN2c1ncccc1N(CC)C(=O)c3cccnc23 ,0.10176482187488324,2,4,1,2,4,5,4,2,2,3
443,Clc1ccccc1,0.32898647997537184,3,2,1,2,1,5,4,1,3,3
444,CCCCCCCC=C,-0.9349339932085959,1,3,5,5,1,2,3,3,1,3
445,Brc1ccc(I)cc1,-0.7029785505643471,4,5,2,1,1,2,4,3,2,3
446,CCC(C)(O)CC,1.2852109578149282,2,1,5,1,3,4,2,2,3,5
447,CCCCCc1ccccc1,-0.7408488269144287,5,4,5,2,4,4,3,3,4,1
448,NC(=O)NC1NC(=O)NC1=O ,0.6982216743886658,5,5,1,3,4,4,1,3,5,1
449,OCC(O)COC(=O)c1ccccc1Nc2ccnc3cc(Cl)ccc23,-0.7081857135624843,4,1,1,5,2,3,1,3,4,3
450,ClC(Cl)C(c1ccc(Cl)cc1)c2ccc(Cl)cc2,-1.9526976701170349,5,4,4,4,1,1,1,3,2,1
451,CC(=O)OC3CCC4C2CCC1=CC(=O)CCC1(C)C2CCC34C ,-0.9983667060949826,5,2,5,4,4,3,1,5,2,5
452,Clc1cccc2ccccc12,-0.4047501243074561,5,1,5,3,4,4,2,3,5,2
453,CCN2c1ccccc1N(C)C(=O)c3ccccc23 ,-0.7924470784414146,4,1,5,5,1,5,1,3,3,2
454,CCCCC(C)O,1.0343203769956384,5,4,5,2,5,4,1,3,2,2
455,CCCC1CCCC1,-0.7881866723520307,3,3,5,2,2,4,2,1,5,1
456,CCOC(=O)c1cncn1C(C)c2ccccc2,-0.7858197800801506,1,5,3,2,5,5,5,2,4,5
457,Oc1ccc(Cl)c(Cl)c1,0.8639041334202721,5,1,4,4,4,5,2,5,2,4
458,CC1(C)C(C=C(Cl)Cl)C1C(=O)OC(C#N)c2cccc(Oc3ccccc3)c2,-2.3394478673422423,5,1,5,5,2,2,4,5,5,3
459,c2ccc1ocnc1c2,0.9065081943141138,3,3,5,2,5,4,4,5,3,5
460,CCCCCO,1.1716001287646838,5,1,3,3,4,2,4,4,5,3
461,CCN(CC)c1ccccc1,0.021290484630960227,2,5,2,5,4,4,1,3,5,3
462,Fc1cccc(F)c1,0.5088702926382587,1,4,2,3,5,1,1,3,4,2
463,ClCCC#N ,1.3183474496212493,1,5,4,3,4,1,2,2,3,4
464,CC(C)(C)Cc1ccccc1,-0.5088933842701802,4,2,5,2,1,2,3,1,2,1
465,O=C1NC(=O)NC(=O)C1(CC)c1ccccc1,0.3564424303291808,3,5,4,1,4,4,4,4,1,1
466,Clc1ccccc1I,-0.22013252710080905,4,5,1,4,5,3,5,3,1,1
467,c2ccc1[nH]nnc1c2,1.0863920069770006,4,1,2,1,4,3,1,4,3,5
468,CNC(=O)Oc1cccc2CC(C)(C)Oc12,0.13016752913744434,1,5,5,2,3,2,1,3,2,1
469,Cc1cccc(C)c1O,0.8449689952452314,1,4,3,2,2,2,1,4,2,4
470,CC(C)C(C)O,1.3704190796026112,4,5,3,5,3,2,4,3,5,1
471,c1ccccc1C(O)c2ccccc2,0.24851214273144884,1,2,2,5,5,1,2,5,3,4
472,CCCCCCCCCC(=O)OC,-0.7645177496332298,1,4,4,4,4,5,2,4,1,4
473,COP(=S)(OC)Oc1ccc(cc1Cl)N(=O)=O,-0.5846339369703427,3,5,2,3,4,5,5,5,3,2
474,CC(C)CBr,0.30531755725657084,5,5,2,1,5,1,3,5,4,5
475,CCI,0.6982216743886658,2,1,4,2,1,1,2,1,1,3
476,CN(C)C(=O)Oc1nc(nc(C)c1C)N(C)C,0.5325392153570595,5,2,2,5,3,4,5,4,5,4
477,CCCCCCBr,-0.3479447097823339,3,2,3,3,5,2,3,2,5,2
478,CCCC(C)C,-0.3148082179760127,1,4,2,1,3,2,5,2,3,3
479,Cc1c(F)c(F)c(COC(=O)C2C(C=C(Cl)C(F)(F)F)C2(C)C)c(F)c1F,-2.0099764630965344,2,2,2,4,4,5,1,3,1,1
480,CCc1cccc(C)c1N(C(C)COC)C(=O)CCl ,0.16330402094376553,5,5,3,4,3,1,4,2,1,2
481,ON=Cc1ccc(o1)N(=O)=O ,0.4189283863068152,4,5,1,3,1,5,5,4,5,4
482,CC(C)C(Nc1ccc(cc1Cl)C(F)(F)F)C(=O)OC(C#N)c2cccc(Oc3ccccc3)c2,-2.3328205689809773,5,3,3,2,5,2,1,4,5,4
483,Nc1nc[nH]n1,1.7027307545745758,5,2,5,3,1,4,3,4,1,3
484,BrC(Br)Br,0.5514743535321003,4,5,1,4,1,3,2,4,3,5
485,COP(=O)(OC)C(O)C(Cl)(Cl)Cl,1.3514839414275706,2,4,2,1,2,5,4,5,4,5
486,CCOP(=S)(OCC)SCn1c(=O)oc2cc(Cl)ccc12,-1.0215622503594073,2,5,4,4,3,1,2,3,1,3
487,OCc1ccccc1,1.2662758196398871,4,3,3,5,4,2,2,3,3,4
488,O=c2c(C3CCCc4ccccc43)c(O)c1ccccc1o2 ,0.11123239096240363,2,5,3,3,1,3,2,4,3,1
489,Oc1ccc(Br)cc1,0.939644686120435,4,5,5,2,5,2,3,3,2,5
490,CC(C)Br,0.702955458932426,2,4,5,4,2,5,4,1,4,1
491,CC(C)CC(C)(C)C,-0.7881866723520307,5,4,3,1,2,3,1,1,3,3
492,O=N(=O)c1cc(cc(c1)N(=O)=O)N(=O)=O,0.08756346824360259,2,3,1,2,5,5,1,5,5,3
493,CN2C(=O)CN=C(c1ccccc1)c3cc(ccc23)N(=O)=O,-0.3413174114210695,3,4,1,2,4,2,4,3,2,4
494,CCC,0.5372729999008198,5,2,3,5,2,1,2,3,3,5
495,Nc1cc(nc(N)n1=O)N2CCCCC2 ,0.5140774556363947,2,1,3,4,1,4,2,4,4,4
496,Nc2cccc3nc1ccccc1cc23 ,-0.5420298760765011,3,5,3,1,3,5,1,2,1,5
497,c1ccc2cc3c4cccc5cccc(c3cc2c1)c45,-2.563355876262098,5,2,2,1,5,1,4,1,1,5
498,OC(c1ccc(Cl)cc1)(c2ccc(Cl)cc2)C(Cl)(Cl)Cl,-1.2265351211042237,1,3,2,2,1,3,4,1,3,3
499,C1Cc2cccc3cccc1c23,-0.7361150423706685,3,5,4,4,2,1,4,3,4,2
500,CCOP(=S)(OCC)SC(CCl)N2C(=O)c1ccccc1C2=O,-1.5455921993536592,3,5,2,1,3,4,4,1,4,1
501,Brc1ccc(Br)cc1,-0.4710231079200986,3,1,2,4,4,4,5,2,4,4
502,Cn2c(=O)on(c1ccc(Cl)c(Cl)c1)c2=O,0.12069996004992398,2,4,4,5,2,1,4,4,1,1
503,Oc1ccc(cc1)c2ccccc2,-0.19172981983824794,1,4,3,3,4,2,2,2,2,3
504,CC1=C(CCCO1)C(=O)Nc2ccccc2 ,0.24377835818768856,2,2,1,5,2,3,2,3,3,4
505,CCOC=C,1.0532555151706793,2,1,5,4,2,3,5,4,4,5
506,CCC#C,0.8686379179640322,2,4,1,4,3,1,1,2,2,1
507,COc1ncnc2nccnc12 ,0.9301771170329146,4,1,3,2,3,5,1,1,4,5
508,CCCCC(C)(O)CC,0.6982216743886658,4,2,1,4,5,2,3,2,2,5
509,Clc1ccc(Cl)cc1,-0.0923203444192842,1,3,3,2,3,3,4,2,4,2
510,O=C1N(COC(=O)C)C(=O)C(N1)(c2ccccc2)c3ccccc3,-0.6603744896705056,1,5,5,2,4,5,3,2,3,1
511,CSCS(=O)CC(CO)NC(=O)C=Cc1c(C)[nH]c(=O)[nH]c1=O,0.5178644832714029,4,4,4,1,1,2,4,1,5,2
512,Cc1c[nH]c2ccccc12 ,0.3100513418003311,2,2,4,5,1,2,3,5,2,3
513,COc2ncc1nccnc1n2,0.9301771170329146,4,3,4,1,2,1,4,4,1,5
514,CNC(=O)Oc1ccccc1C2OCCO2,0.7124230280199463,4,4,3,1,3,4,3,4,2,3
515,C1N(C(=O)NCC(C)C)C(=O)NC1,0.437863524481856,1,4,4,5,5,3,2,3,2,4
516,CC#N,1.5787055995280592,4,5,1,2,1,1,1,4,1,4
517,CCOC(=O)NCCOc2ccc(Oc1ccccc1)cc2,-0.7692515341769899,2,3,2,1,4,5,2,1,1,1
518,CC(=O)N(S(=O)c1ccc(N)cc1)c2onc(C)c2C ,-0.24380144981960986,1,3,4,3,3,4,4,1,4,1
519,ClCC(Cl)(Cl)Cl,0.42366217085057534,4,4,1,2,5,3,5,1,4,1
520,CCCCO,1.4556272013902944,1,1,4,4,5,1,4,2,3,1
521,CC1CCCCC1NC(=O)Nc2ccccc2,-0.4899582460951394,3,3,4,3,3,3,1,3,3,2
522,Clc1cc(Cl)cc(Cl)c1,-0.6651082742142661,3,3,4,3,2,1,4,1,1,5
523,O=Cc1ccco1,1.4082893559526928,1,4,5,1,5,4,2,2,5,2
524,CC(C)CCO,1.2142041896585252,3,2,2,1,4,1,5,3,3,4
525,O=Cc2ccc1OCOc1c2 ,0.6840203207573853,4,2,2,3,2,2,1,5,5,4
526,CC(=C)C,0.3526554026941727,4,3,3,5,5,4,1,4,5,3
527,O=Cc1ccccc1,0.8923068406828332,4,1,3,4,1,5,4,1,3,4
528,CC(=C)C(=C)C,0.3195189108878515,5,2,2,5,1,5,4,3,4,2
529,CCOC(=O)CCN(SN(C)C(=O)Oc1cccc2CC(C)(C)Oc21)C(C)C,-0.77398531872075,2,1,4,2,4,4,2,2,4,2
530,O2c1ccccc1N(C)C(=O)c3cccnc23 ,-0.28261848307844345,2,3,1,1,5,5,4,2,5,1
531,C1c2ccccc2c3ccccc13,-0.9112650704897952,2,1,2,1,1,5,4,5,5,3
532,CC1CCCCC1,-0.3668798479573746,4,1,3,3,1,4,4,5,3,2
533,NC(=N)NS(=O)(=O)c1ccc(N)cc1 ,0.5136040771820188,5,5,5,3,4,3,2,2,2,5
534,COC(=O)c1ccc(O)cc1,0.5907647652453097,3,2,1,5,5,5,5,5,5,2
535,CC1CCCO1,1.5076988313716564,4,3,1,5,3,1,4,5,5,3
536,CC3C2CCC1(C)C=CC(=O)C(=C1C2OC3=O)C,-0.007112222631600876,4,5,5,5,2,2,5,5,4,3
537,OCC2OC(Oc1ccccc1CO)C(O)C(O)C2O,1.0532555151706793,1,2,5,2,5,4,1,4,2,2
538,CCCI,0.3715905408692134,2,2,2,4,3,3,2,4,1,3
539,CCNc1nc(NC(C)C)nc(SC)n1,0.016556700087199942,2,3,1,4,1,5,5,5,1,1
540,CCCO,1.7491218431034257,1,4,2,4,3,5,4,4,2,2
541,CC(=O)C1(O)CCC2C3CCC4=CC(=O)CCC4(C)C3CCC21C,-0.3512583589629661,5,2,3,2,3,2,1,1,3,4
542,CCCC(C)O,1.3183474496212493,2,5,4,3,4,4,3,5,4,5
543,OC(C(=O)c1ccccc1)c2ccccc2,0.10649860641864332,1,3,4,2,3,4,5,5,1,4
544,Cc1ccc(O)c(C)c1,0.8923068406828332,2,2,4,1,3,5,4,3,3,2
545,Clc1cccc(c1)N(=O)=O,0.14436888276872478,3,4,4,1,5,1,2,4,4,4
546,Cc2c(N)c(=O)n(c1ccccc1)n2C,1.1602390458596592,1,4,1,4,3,1,1,2,5,2
547,Clc1ccc(c(Cl)c1)c2cc(Cl)ccc2Cl ,-1.6544692438601436,1,2,2,3,2,4,2,4,2,2
548,ClC(=C(Cl)C(=C(Cl)Cl)Cl)Cl,-0.8733947941397138,1,4,5,2,5,1,3,2,4,2
549,CCNc1nc(NC(C)(C)C)nc(SC)n1,-0.4378866161137773,3,3,2,1,4,1,3,5,1,2
550,CCC(C)CCO,1.1195284987833218,3,4,3,4,4,5,5,4,3,1
551,Cc2ncc1nccnc1n2,1.3988217868651724,5,2,5,1,5,4,4,4,2,4
552,CC23Cc1cnoc1C=C2CCC4C3CCC5(C)C4CCC5(O)C#C,-1.151267946858437,4,2,1,2,1,5,1,2,1,1
553,CCCCI,0.054426976437281414,2,5,1,3,1,4,5,3,1,5
554,Brc1ccc2ccccc2c1,-0.6272379978641847,1,4,5,5,4,4,5,1,5,1
555,CC1OC(CC(O)C1O)OC2C(O)CC(OC2C)OC8C(O)CC(OC7CCC3(C)C(CCC4C3CC(O)C5(C)C(CCC45O)C6=CC(=O)OC6)C7)OC8C ,-0.4762302709182349,4,5,5,5,5,3,1,1,5,2
556,FC(F)(F)c1ccccc1,0.2674472809064896,1,2,3,1,3,4,3,1,3,4
557,CCCCCCOC(=O)c1ccccc1C(=O)OCCCCCC,-1.45281002229596,2,1,2,5,5,3,1,5,2,1
558,c1ccc2c(c1)sc3ccccc23,-0.6177704287766641,3,3,1,2,1,3,5,3,3,2
559,Clc1ccc(c(Cl)c1)c2ccc(Cl)c(Cl)c2Cl ,-2.2367247427426453,5,1,4,1,5,4,3,3,3,1
560,Clc1ccc(c(Cl)c1Cl)c2ccc(Cl)c(Cl)c2Cl ,-2.3361342181616096,5,2,4,5,5,5,3,5,5,4
561,CC(=O)CC(c1ccccc1)c3c(O)c2ccccc2oc3=O ,-0.3872351214955433,5,3,3,5,5,3,4,4,3,5
562,c1ccccc1C(O)C(O)c2ccccc2,0.5420067844445801,2,1,4,4,1,3,3,2,2,3
563,COC(=O)c1ccccc1C(=O)OC,0.6698189671261048,5,5,3,1,2,1,3,3,2,4
564,CCCCCCCC(=O)OCC,-0.14912575894440638,4,5,4,4,4,1,5,3,3,4
565,CCSSCC,0.3100513418003311,1,2,3,5,2,3,1,5,4,2
566,CCOCCOCC,1.0911257915207606,4,2,2,4,5,2,4,4,4,1
567,Clc1cc(Cl)c(Cl)cc1Cl,-1.1763570049403649,3,4,3,2,5,2,3,4,5,4
568,Nc1ccc(cc1)c2ccc(N)cc2,0.17750537457504598,1,1,3,4,4,4,4,1,1,5
569,CCCCCC=C,-0.31007443343225244,5,5,1,3,1,1,3,5,3,5
570,CCCCc1c(C)nc(NCC)[nH]c1=O,0.022237241539712158,5,2,1,2,1,1,3,4,5,5
571,O=C1NC(=O)NC(=O)C1(CC)C(C)CCC,0.3242526954316116,4,2,1,4,5,5,3,5,2,2
572,Nc1ccccc1Cl,0.7360919507387472,4,1,5,1,1,2,4,1,5,5
573,COc1cccc(Cl)c1,0.13963509822496473,2,5,1,3,2,2,1,5,3,1
574,CCCCN(CC)C(=O)SCCC,-0.21539874255704874,2,5,3,3,1,4,5,3,2,4
575,CCCCOC=O,0.8070987188951498,5,3,1,5,3,2,3,2,2,3
576,CC12CC(O)C3C(CCC4=CC(=O)C=CC34C)C2CCC1(O)C(=O)CO,-0.04971628352544264,1,2,2,5,1,3,3,1,3,2
577,BrC(Cl)Cl,0.7266243816512269,4,5,1,4,5,5,4,5,5,4
578,CC34CC(=O)C1C(CCC2=CC(=O)CCC12C)C3CCC4(=O) ,-0.19172981983824794,1,4,5,4,5,2,3,3,2,2
579,c1ccc(cc1)c2ccc(cc2)c3ccccc3,-1.9100936092231933,2,4,5,2,3,4,4,2,5,4
580,Oc1ccc(C=O)cc1,1.0011838851893171,2,5,4,5,1,1,2,5,1,5
581,CBr,1.0816582224332405,4,2,5,2,1,5,5,3,3,4
582,Cc1cc(ccc1NS(=O)(=O)C(F)(F)F)S(=O)(=O)c2ccccc2,-0.3432109252385736,4,2,1,2,3,3,4,2,2,3
583,CC(=O)CC(c1ccc(Cl)cc1)c2c(O)c3ccccc3oc2=O,-1.3084295937112744,3,4,5,4,1,1,3,1,3,1
584,CCc1ccc2ccccc2c1,-0.5751663678828225,1,4,2,5,2,1,4,5,4,4
585,Nc1c(C)c[nH]c(=O)n1 ,0.7654414149100602,4,4,2,5,3,1,2,1,3,1
586,Clc2c(Cl)c(Cl)c(c1ccccc1)c(Cl)c2Cl ,-2.293530157267768,5,5,2,1,1,5,5,1,3,1
587,c1c(NC(=O)c2ccccc2(I))cccc1,-0.537296091532741,2,2,2,2,5,2,5,4,3,3
588,Cc3cc2nc1c(=O)[nH]c(=O)nc1n(CC(O)C(O)C(O)CO)c2cc3C,-0.28877240298533163,5,1,1,4,3,1,1,4,2,1
589,Fc1ccccc1Br,0.17750537457504598,2,1,2,4,4,3,2,4,1,2
590,Oc1ccc(Cl)cc1Cl,0.7218905971074667,3,2,4,5,2,5,3,1,3,1
591,CC1(C)C(C=C(Cl)Cl)C1C(=O)OCc2cccc(Oc3ccccc3)c2,-1.5223966550892345,4,2,1,1,1,4,5,1,4,5
592,CN2C(=C(O)c1ccccc1S2(=O)=O)C(=O)Nc3ccccn3 ,-0.5136271688139402,3,3,2,1,2,1,1,3,4,2
593,O=C1N(COC(=O)CC)C(=O)C(N1)(c2ccccc2)c3ccccc3,-0.8672408742328256,1,4,3,2,5,5,1,5,4,2
594,C1CCCC1,0.2059080818376071,4,5,5,4,4,5,5,2,4,1
595,Cc1ccccc1N,0.4094608172192949,2,3,5,3,3,5,2,4,3,2
596,c1(OC)ccc(CC=C)cc1,0.07336211461232214,1,5,2,5,4,3,3,2,1,4
597,CN(C)C(=O)Nc1cccc(OC(=O)NC(C)(C)C)c1 ,0.06862833006856185,5,3,1,2,2,1,2,3,4,4
598,CC(C)C=C,0.16330402094376553,5,1,3,3,2,4,1,4,2,1
599,Oc1ccccn1,1.9384732248538328,1,1,4,2,1,3,4,1,5,4
600,CC,0.8118325034389101,2,2,2,5,2,1,2,5,1,4
601,Clc1ccccc1Cl,0.011822915543439859,3,5,3,3,1,5,3,1,3,2
602,Sc2nc1ccccc1s2 ,-0.04971628352544264,4,3,5,5,5,5,2,4,4,1
603,Clc1c(Cl)c(Cl)c(c(Cl)c1Cl)c2c(Cl)c(Cl)c(Cl)c(Cl)c2Cl ,-4.035562869371514,2,2,4,5,3,3,4,4,5,2
604,COc2c1occc1cc3ccc(=O)oc23 ,-0.2788314554434353,3,5,1,2,1,4,2,2,1,1
605,CC(=O)N,2.2035651593044028,4,2,5,2,5,5,3,3,2,4
606,Cc1cccc2ccccc12,-0.295873079800972,3,3,3,3,4,4,1,5,3,5
607,CCN(CC)C(=O)C(C)Oc1cccc2ccccc12 ,-0.2343338807320895,4,1,3,1,5,5,5,4,5,1
608,CC(O)C(C)(C)C,1.1621325596771634,3,1,5,3,2,5,3,1,4,1
609,CCCC(=O)OCC,0.8118325034389101,4,5,1,3,3,5,3,2,4,1
610,CC2=CC(=O)c1ccccc1C2=O ,0.021290484630960227,4,2,2,4,5,3,3,4,1,1
611,c1ccc2c(c1)ccc3ccccc32,-1.03434346862756,1,5,4,5,1,5,3,3,5,1
612,Cc1ccnc(C)c1,1.6355110140531812,4,5,2,2,1,3,5,1,4,4
613,CCCCCCCCCO,0.030758053718480595,5,3,5,1,3,5,2,4,4,5
614,BrCBr,0.9017744097703536,4,3,2,5,3,1,3,3,3,4
615,CC1CC2C3CCC4=CC(=O)C=CC4(C)C3(F)C(O)CC2(C)C1(O)C(=O)CO,-0.24380144981960986,3,2,3,2,4,3,1,4,5,4
616,Cc1ccc2cc(C)ccc2c1,-0.8591934405084332,1,5,2,4,5,1,1,1,5,2
617,CCSC(=O)N(CC(C)C)CC(C)C,-0.2864055107134516,4,1,4,5,4,2,3,2,2,3
618,O=N(=O)OCC(CON(=O)=O)ON(=O)=O ,0.40472703267553456,5,4,4,5,4,4,5,2,4,1
619,Nc1cccc(c1)N(=O)=O,0.4189283863068152,1,3,2,2,4,4,1,1,4,2
620,CCCCCl,0.4946689390069782,5,1,3,3,5,1,4,3,2,2
621,ClC(Cl)(Cl)C(NC=O)N1C=CN(C=C1)C(NC=O)C(Cl)(Cl)Cl ,-0.5278285224452208,3,4,4,4,3,4,4,1,2,5
622,Cn2cc(c1ccccc1)c(=O)c(c2)c3cccc(c3)C(F)(F)F,-0.6485400283111054,3,3,5,5,5,2,1,5,4,2
623,Nc3cc2c1ccccc1ccc2c4ccccc34 ,-1.4793192157410169,3,1,5,3,1,4,4,4,5,3
624,CC12CCC3C(CCc4cc(O)ccc34)C2CCC1=O,-0.4165845856668565,5,1,3,4,4,3,3,3,1,3
625,CCN2c1ccccc1N(C)C(=S)c3cccnc23 ,-0.7720918049032461,2,2,2,5,3,3,2,1,3,5
626,CC1CO1,1.176333913308444,4,4,4,4,4,4,4,5,4,3
627,O=C3CN=C(c1ccccc1)c2cc(ccc2N3)N(=O)=O,-0.3413174114210695,2,4,2,2,4,3,3,1,1,5
628,CCNC(=S)NCC,0.7644946580013083,5,1,1,3,2,1,5,3,2,5
629,Oc1cc(Cl)cc(Cl)c1Cl,0.19170672820632664,3,4,1,1,2,3,4,4,4,4
630,CCCCC(=O)OC,0.8213000725264304,5,4,4,4,3,2,1,3,5,4
631,Nc1ccccc1,1.2615420350961268,3,2,5,3,2,2,1,2,5,1
632,Cc1cccc2c(C)cccc12,-0.7593105866350928,1,4,4,5,2,1,1,2,5,5
633,NS(=O)(=O)c2cc1c(NCNS1(=O)=O)cc2Cl ,0.21064186638136734,3,2,4,5,2,5,1,1,5,1
634,C1=Cc2cccc3cccc1c23,-0.41895147793873655,5,4,1,3,2,1,3,4,2,4
635,CCCCCOC(=O)CC,0.8497027797889916,1,4,4,4,1,4,3,2,2,1
636,CCNc1nc(NC(C)C)nc(OC)n1,0.4691065024706731,5,1,5,1,5,1,3,4,4,5
637,c1ccc2c(c1)cc3ccc4cccc5ccc2c3c45,-2.6622919732266856,1,4,4,4,2,4,5,3,3,2
638,CCBr,0.939644686120435,2,5,3,3,1,4,4,1,2,1
639,CCC#CCC,0.5136040771820188,3,3,2,5,3,4,1,3,2,5
640,CC1OC(CC(O)C1O)OC2C(O)CC(OC2C)OC8C(O)CC(OC7CCC3(C)C(CCC4C3CCC5(C)C(CCC45O)C6=CC(=O)OC6)C7)OC8C ,-1.0499649576219676,2,3,2,1,4,2,2,1,2,2
641,CCC(=C)C,0.16330402094376553,4,1,2,4,3,4,3,2,3,1
642,Oc1cccc2cccnc12 ,0.3100513418003311,5,4,4,2,5,2,1,2,2,3
643,C1CCc2ccccc2C1,-0.6130366442329039,1,2,1,1,5,4,4,4,3,2
644,Oc1ccc(cc1)C2(OC(=O)c3ccccc23)c4ccc(O)cc4 ,0.0828296836998425,3,5,2,1,1,4,4,2,1,4
645,Brc1cc(Br)cc(Br)c1,-1.1952921431154058,1,5,5,5,2,4,5,3,3,5
646,COP(=S)(OC)Oc1cc(Cl)c(Cl)cc1Cl,-1.252097557640528,4,4,2,2,2,1,2,2,2,1
647,Cc1cc(=O)[nH]c(=S)[nH]1,0.3024772865303148,4,5,1,3,3,2,3,5,2,4
648,COc1cc(CC=C)ccc1O,0.7171568125637066,5,2,5,3,5,4,5,2,1,5
649,O=C1NC(=O)NC(=O)C1(C(C)C)CC=C,0.6470968013160557,3,2,1,1,2,5,3,5,2,3
650,c1cc2ccc3cccc4ccc(c1)c2c34,-1.4679581328359923,4,5,1,3,5,5,3,4,3,5
651,CCOC(C)OCC,1.2520744660086067,1,4,4,4,2,1,4,5,1,1
652,CC1(C)CON(Cc2ccccc2Cl)C1=O,0.3488683750591645,1,1,5,2,3,4,4,2,1,4
653,CCCCOCCO,1.256808250552367,4,5,1,1,3,4,2,4,3,3
654,Clc1c(Cl)c(Cl)c(N(=O)=O)c(Cl)c1Cl,-1.2994354030781299,1,1,4,3,4,2,3,5,5,2
655,CC12CCC(O)CC1CCC3C2CCC4(C)C3CCC4=O,-0.6281847547729366,3,4,2,3,5,5,4,4,4,1
656,FC(F)(F)c1cccc(c1)N2CC(CCl)C(Cl)C2=O,-0.46013540346945003,2,3,1,3,5,5,1,3,4,3
657,c1ccc2ncccc2c1,0.8402352107014712,5,4,5,2,2,1,2,2,4,2
658,COC(=O)c1cc(O)c(O)c(O)c1 ,0.8686379179640322,3,4,3,2,3,5,1,1,4,5
659,OC(Cn1cncn1)(Cn2cncn2)c3ccc(F)cc3F ,0.6035459835134622,5,3,4,5,4,1,2,1,2,4
660,Clc2ccc1oc(=O)[nH]c1c2,0.11549279705178753,5,2,4,5,1,4,4,1,3,2
661,Clc1ccc(c(Cl)c1)c2c(Cl)c(Cl)c(Cl)c(Cl)c2Cl,-2.293530157267768,1,1,4,3,3,3,3,4,1,4
662,O=C1NC(=O)C(=O)C(=O)N1 ,0.8639041334202721,2,1,3,5,1,3,5,4,5,2
663,ClCCCCl,0.6887541053011454,1,1,2,5,4,2,4,3,2,3
664,Fc1cccc(Br)c1,0.19170672820632664,2,3,2,2,3,2,1,3,2,4
665,Clc1ccc(Br)cc1,-0.2627365879946506,4,4,1,4,2,1,5,1,2,3
666,CC(C)C(C)C,-0.2722041570821709,3,3,3,1,1,3,4,5,2,1
667,CCC=C,0.5372729999008198,5,3,1,3,2,3,5,2,4,3
668,Clc1ccc(Cl)c(c1)c2cc(Cl)c(Cl)c(Cl)c2Cl,-2.1799193282175238,3,3,1,1,5,5,3,3,3,5
669,Nc1cc[nH]c(=O)n1 ,0.9088750865859938,3,5,3,1,1,4,1,2,5,4
670,FC(F)(Cl)C(F)(Cl)Cl,0.016556700087199942,3,4,3,4,2,1,2,5,4,4
671,CCC#N,1.5881731686155796,2,3,2,5,5,2,2,5,2,4
672,ClC(Cl)C(c1ccc(Cl)cc1)c2ccccc2Cl ,-1.6260665365975822,4,1,3,4,4,5,3,1,4,5
673,COc1ccccc1N(=O)=O,0.5278054308132993,5,2,3,4,3,5,3,4,4,3
674,CC34CCC1C(CC=C2CC(O)CCC12C)C3CCC4=O,-0.4946920306388995,2,3,2,1,2,3,2,5,2,3
675,CC12CC2(C)C(=O)N(C1=O)c3cc(Cl)cc(Cl)c3,-0.8165893796145915,3,2,5,5,3,2,1,2,4,5
676,c1cc2ccc3ccc4ccc5cccc6c(c1)c2c3c4c56,-2.813299700172636,5,4,4,3,2,5,3,2,1,1
677,CCC(C)c1cc(cc(N(=O)=O)c1O)N(=O)=O ,-0.1443919744006461,2,5,1,1,3,4,3,4,4,5
678,c1c(OC)c(OC)C2C(=O)OCC2c1,0.5566815165302365,2,3,2,3,3,1,4,1,5,5
679,OCC(O)CO,1.9858110702914349,5,2,3,1,5,5,4,3,3,3
680,COc1ccccc1O ,0.5278054308132993,3,4,3,2,3,1,3,2,1,1
681,CCOP(=S)(OCC)Oc1nc(Cl)c(Cl)cc1Cl ,-1.2284286349217273,1,2,5,1,2,3,3,5,1,2
682,Cc1c2ccccc2cc3ccccc13,-1.3325718948844512,1,3,5,5,5,2,1,5,3,4
683,Cc1cc(=O)n(c2ccccc2)n1C,1.7940927962691473,4,3,4,3,2,4,1,1,1,3
684,CCCCOC,0.9869825315580368,5,2,5,5,4,2,5,1,4,5
685,Cc2cnc1cncnc1n2,1.0513620013531753,5,2,4,2,1,3,4,4,1,5
686,CCNc1nc(Cl)nc(NCC)n1 ,-0.698244766020587,3,3,3,3,1,2,3,2,1,5
687,CN(C)C(=O)C,1.9810772857476744,3,4,5,5,1,3,3,3,1,3
688,CSc1nc(nc(n1)N(C)C)N(C)C,0.1888664574800704,1,1,1,2,5,1,2,4,3,1
689,C=C,1.2662758196398871,3,4,1,4,3,3,4,3,1,2
690,CC(C)(C)CCO,1.2189379742022857,4,5,3,2,1,5,2,3,4,2
691,O=C1NC(=O)NC(=O)C1(CC)CC=C,0.6915943760274015,1,2,3,2,5,2,2,3,4,4
692,Oc1ccc(Cl)c(Cl)c1Cl,0.19170672820632664,2,1,1,1,1,5,2,2,2,1
693,COc1ccccc1,0.5798770607946613,3,4,3,4,4,4,1,5,2,5
694,c1ccc(Cl)cc1C(c2ccc(Cl)cc2)(O)C(=O)OC(C)C,-0.6887771969330669,2,3,1,5,2,1,2,2,4,5
695,CC13CCC(=O)C=C1CCC4C2CCC(C(=O)CO)C2(CC(O)C34)C=O ,-0.3668798479573746,3,3,1,1,5,3,5,4,5,4
696,COc2ccc(Oc1ccc(NC(=O)N(C)C)cc1)cc2,-0.5136271688139402,3,4,5,2,2,5,1,4,5,4
697,CCc1ccc(C)cc1,-0.016579791719121245,3,2,2,4,3,2,4,2,2,1
698,CC(C)SC(C)C,0.3952594635880142,1,3,1,5,2,4,5,1,1,3
699,O=N(=O)c1cccc(c1)N(=O)=O,0.3715905408692134,4,3,5,1,4,1,4,1,1,4
700,CCOP(=S)(OCC)SCSP(=S)(OCC)OCC,-1.166889435852845,2,1,4,5,1,4,2,2,3,5
701,CCC1(C(C)C)C(=O)NC(=O)NC1=O ,0.4094608172192949,4,1,1,5,5,2,1,3,4,2
702,CC(=O)OCC(=O)C3(O)CCC4C2CCC1=CC(=O)CCC1(C)C2C(=O)CC34C ,-0.537296091532741,5,4,5,4,4,4,1,3,3,3
703,Cc1ncc(N(=O)=O)n1CCO,0.8781054870515527,4,1,3,2,4,4,5,4,2,4
704,Nc1ccc(Cl)cc1,0.6698189671261048,2,3,2,4,1,2,4,5,3,3
705,CCCC(C)(C)CO,0.7360919507387472,4,4,1,4,1,1,3,3,2,3
706,c1ccoc1,1.06745686880196,1,2,1,1,4,3,3,2,3,3
707,COCCCNc1nc(NC(C)C)nc(SC)n1,0.069575086977314,3,2,4,5,2,4,4,5,3,3
708,CN(C)C(=O)NC1CC2CC1C3CCCC23,-0.04545587743605852,2,5,4,4,1,2,5,1,1,4
709,CC(C)(C)c1ccccc1,-0.2769379416259313,4,1,4,2,1,5,5,1,2,5
710,CC(=O)CCC1C(=O)N(N(C1=O)c2ccccc2)c3ccccc3,-0.0923203444192842,4,3,4,2,4,3,5,5,2,4
711,CC(=O)OCC(=O)C3(O)CCC4C2CCC1=CC(=O)C=CC1(C)C2C(O)CC34C ,-0.6130366442329039,4,1,5,1,4,5,3,4,5,5
712,CCCOC,1.2710096041836474,5,1,3,1,4,2,5,5,1,4
713,CC(C)OC(=O)C,1.1952690514834845,4,2,2,4,1,1,2,5,1,1
714,Brc1ccccc1,0.24851214273144884,1,5,4,4,3,4,1,3,4,2
715,CCOC(=O)c1ccc(O)cc1,0.3431878336066523,4,1,5,5,2,2,2,4,5,1
716,O=C1N(COC(=O)CCC)C(=O)C(N1)(c2ccccc2)c3ccccc3,-0.9448749407504932,5,4,3,4,1,1,1,1,5,1
717,CCC(=O)OC3CCC4C2CCC1=CC(=O)CCC1(C)C2CCC34C ,-1.0864150986089218,4,3,4,4,5,1,5,3,3,4
718,c1cc2ccc3ccc4ccc5ccc6ccc1c7c2c3c4c5c67,-2.9619405348467054,3,5,2,4,4,1,5,4,2,5
719,O=c1[nH]cnc2[nH]ncc12 ,0.38295162377423786,3,5,5,1,2,2,3,2,4,3
720,ClC=C,0.6272149062322632,2,5,2,1,2,3,3,4,5,3
721,CN(C)C(=O)C(c1ccccc1)c2ccccc2 ,0.04495940734976104,5,2,1,1,5,3,2,5,3,2
722,BrC(Br)(Br)Br,-0.0307811453504019,2,5,4,2,3,1,1,3,4,2
723,CCN2c1cc(N(C)C)cc(C)c1NC(=O)c3cccnc23 ,-0.8501992498752892,4,3,1,1,3,2,5,3,2,5
724,O=C1NC(=O)c2ccccc12 ,0.22010943546888773,1,4,1,5,3,5,3,2,3,4
725,OC(c1ccc(Cl)cc1)(c2cncnc2)c3ccccc3Cl,-0.6177704287766641,3,2,2,1,4,5,2,2,4,5
726,COC(=O)c1ccccc1,0.5798770607946613,3,2,3,2,3,4,4,4,1,5
727,Cn1ccc(=O)[nH]c1=O,1.0736107887088482,2,5,1,1,1,1,3,4,5,3
728,CCCCC1C(=O)N(N(C1=O)c2ccc(O)cc2)c3ccccc3 ,-0.31007443343225244,1,1,4,2,2,1,3,2,5,2
729,Clc1ccc(Cl)c(c1)c2cccc(Cl)c2Cl ,-1.6071313984225415,2,1,5,5,5,3,2,1,3,4
730,CCC2NC(=O)c1cc(c(Cl)cc1N2)S(N)(=O)=O,-0.10178791350680456,4,1,3,3,1,2,3,1,1,1
731,CN(C)C(=O)Nc1ccc(Cl)c(Cl)c1,-0.3432109252385736,3,3,4,3,2,3,2,4,2,2
732,C1CC=CC1,0.4615324472006568,4,3,1,1,3,3,4,4,2,5
733,C1(=O)NC(=O)NC(=O)C1(O)C2(O)C(=O)NC(=O)NC2(=O),0.5136040771820188,4,4,3,4,2,4,1,2,2,3
734,CCCCCCCCC,-1.3278381103406909,4,2,1,3,2,3,2,2,4,4
735,Oc1ccccc1Cl,0.9538460397517154,5,2,4,4,3,1,1,5,2,2
736,c1cccc2c3c(C)cc4ccccc4c3ccc12,-1.6639368129476635,2,5,2,3,1,2,1,1,2,5
737,CCOc1ccccc1,0.3526554026941727,4,3,5,1,5,5,5,1,3,1
738,CCOC(=O)C=Cc1ccccc1,0.03549183826224067,5,5,3,1,1,3,1,4,2,2
739,Cc1[nH]c(=O)n(c(=O)c1Cl)C(C)(C)C,0.2797551207202659,2,4,3,2,2,5,4,1,5,3
740,Clc1ccccc1C2=NCC(=O)Nc3ccc(cc23)N(=O)=O,-0.20072401047139235,2,4,2,3,4,1,1,4,3,4
741,Cc1ccc(cc1)S(=O)(=O)N,0.6319486907760233,3,3,3,3,5,4,4,1,1,1
742,CC(OC(=O)Nc1cccc(Cl)c1)C#C,0.21679578628825555,5,1,3,1,2,2,5,1,2,1
743,CCCCCC(C)C,-0.9491353468398768,4,4,3,4,4,4,5,2,2,2
744,CC1(C)C(C=C(Cl)C(F)(F)F)C1C(=O)OC(C#N)c2cccc(Oc3ccccc3)c2,-2.4147150415880287,5,4,1,3,3,1,2,5,2,3
745,CCCC1C(=O)N3N(C1=O)c2cc(C)ccc2N=C3N(C)C ,-0.21918577019205712,3,2,3,5,5,3,2,2,1,3
746,CN2C(=O)CN=C(c1ccccc1)c3cc(Cl)ccc23,-0.32143551633727685,1,1,2,2,5,1,5,2,2,1
747,CCC(O)C(C)C,1.124262283327082,2,3,3,1,5,4,5,2,3,2
748,CCOP(=S)(OCC)Oc1ccc(cc1)S(C)=O ,0.3668567563254533,5,3,5,1,4,1,5,2,1,5
749,CC1(C)C2CCC1(C)C(O)C2,0.3573891872379329,1,1,5,2,3,1,4,1,4,1
750,CC12CCC3C(CCC4=CC(=O)CCC34C)C2CCC1O,-0.44735418520129744,1,1,1,3,5,4,4,5,2,4
751,CCCCCCC,-0.6887771969330669,3,5,3,3,3,1,4,3,2,3
752,Oc1cccc2ccccc12,0.40472703267553456,1,2,3,5,5,4,3,2,2,2
753,C/C1CCCCC1\C,-0.5799001524265825,3,3,3,1,2,1,4,2,1,4
754,COc2cc1c(N)nc(nc1c(OC)c2OC)N3CCN(CC3)C(=O)OCC(C)(C)O ,-0.2665236156296588,2,2,4,1,3,3,4,2,4,3
755,C1Cc2c3c1cccc3cc4c2ccc5ccccc54,-2.2603936654614465,1,5,3,4,5,5,1,5,2,1
756,CC(=O)C3(C)CCC4C2C=C(C)C1=CC(=O)CCC1(C)C2CCC34C,-1.03907725317132,5,3,2,2,5,3,4,2,5,3
757,CCCCCC(=O)C,0.7692284425450685,3,2,4,4,4,5,5,2,2,5
758,COP(=O)(NC(C)=O)SC ,1.7112515667533443,5,4,4,3,4,3,1,4,1,3
759,CCCCSP(=O)(SCCCC)SCCCC,-0.9775380541024375,4,4,2,1,2,2,5,4,1,1
760,c1cC2C(=O)NC(=O)C2cc1,0.06768157315980992,3,5,5,1,4,3,5,2,2,3
761,NS(=O)(=O)c2cc1c(NC(NS1(=O)=O)C(Cl)Cl)cc2Cl ,0.18697294366256634,5,2,4,4,2,1,5,5,1,1
762,CC=C(C)C,0.24377835818768856,1,5,1,2,1,1,1,4,4,4
763,Cc1ccc(C)c(C)c1,-0.11125548259432493,1,1,3,1,4,4,5,1,3,5
764,Oc1cc(Cl)c(Cl)cc1Cl,0.4094608172192949,3,4,5,2,2,3,2,2,4,5
765,c1ccc2c(c1)cnc3ccccc23 ,0.13963509822496473,2,3,5,3,5,1,5,5,3,5
766,CCCC(C)(O)CC,0.9917163161017969,2,2,5,4,3,5,3,4,3,5
767,CCCCCCCC,-1.0248758995400395,5,4,2,3,3,4,2,4,3,3
768,c1ccc2cc3ccccc3cc2c1,-1.5503259838974193,3,3,3,1,1,1,3,2,1,4
769,NNc1ccccc1,1.4887636931966155,5,4,3,2,3,5,2,5,3,3
770,CCC=O,1.730186704928385,4,4,3,3,3,1,2,2,5,3
771,C1CCCCCCC1,-0.5088933842701802,4,3,5,3,2,2,1,2,1,2
772,O=C1NC(=O)NC(=O)C1(CC=C)CC=C,0.4724201516513053,1,5,2,5,5,5,3,2,1,5
773,ClC(Cl)Cl,0.9017744097703536,1,1,4,1,4,3,1,4,1,1
774,Sc1nccc(=O)[nH]1 ,0.3796379745936057,4,5,1,4,4,1,4,1,4,5
775,Clc1ccc(CN(C2CCCC2)C(=O)Nc3ccccc3)cc1,-1.3444063562438515,1,4,2,5,3,1,4,2,3,5
776,CC1=CCCCC1,-0.0923203444192842,5,1,1,3,1,4,3,4,3,1
777,CCCCC(CC)C=O,0.4473310935693763,5,2,2,5,1,5,3,5,1,2
778,COc2c1occc1c(OC)c3c(=O)cc(C)oc23 ,0.025550890720344128,2,3,3,4,2,2,1,2,3,4
779,O=C1NC(=O)NC(=O)C1(CC)CCC(C)C,0.19738726965883885,1,3,1,2,1,4,4,5,5,5
780,c1ccc2c3c(ccc2c1)c4cccc5cccc3c45,-2.331400433617849,3,3,1,4,2,5,1,1,4,2
781,CCC(CC)C=O,0.7360919507387472,3,2,5,5,2,3,4,4,3,5
782,CCCOCCC,0.6887541053011454,2,3,1,3,1,2,3,2,5,5
783,CCCCCCCCCCCCCCO,-1.3089029721656502,1,2,5,1,1,1,1,1,2,5
784,Oc1c(Cl)ccc(Cl)c1Cl,0.2059080818376071,4,5,1,2,5,1,1,1,1,3
785,NC(=O)N,1.910070517591272,4,3,3,1,1,5,3,1,4,1
786,CCCC#C,0.6792865362136251,3,1,4,2,1,2,3,2,1,2
787,Brc1cccc(Br)c1,-0.22013252710080905,5,2,5,2,2,4,5,4,5,1
788,CCCCCCCCCCCCCCCCCCO,-2.5207518153682567,5,4,5,5,3,2,5,1,4,4
789,CC(=O)Nc1ccccc1,0.8260338570701906,2,3,2,2,4,3,4,1,4,3
790,c1cc(O)c(O)c2OCC3(O)CC4=CC(=O)C(O)=CC4=C3c21,0.17750537457504598,3,3,5,1,4,4,4,3,2,4
791,c1nccc(C(=O)NN)c1,1.4598876074796787,3,3,2,5,3,1,1,1,1,2
792,OC1C=CC2C1C3(Cl)C(=C(Cl)C2(Cl)C3(Cl)Cl)Cl ,-1.1290191595027634,5,5,2,4,1,5,3,3,1,1
793,CC(C)CCOC=O,0.7360919507387472,3,4,4,2,2,2,1,2,5,4
794,CC(=O)c1ccccc1,0.8497027797889916,3,4,4,3,2,5,5,5,1,1
795,c2ccc1nc(ccc1c2)c4ccc3ccccc3n4 ,-1.1006164522402029,5,1,1,4,2,2,5,2,1,1
796,CCOP(=O)(OCC)OCC,1.6591799367719824,4,2,1,4,3,3,5,1,4,3
797,CC2(C)C1CCC(C)(C1)C2=O,0.5798770607946613,5,4,4,2,5,5,4,2,4,2
798,COc2cnc1cncnc1n2,1.0248528079081178,1,2,2,5,3,5,1,3,3,3
799,ClC2=C(Cl)C3(Cl)C1C=CCC1C2(Cl)C3(Cl)Cl ,-1.2142272812904469,2,3,5,3,1,2,5,4,5,3
800,CC(C)N(=O)=O,1.1621325596771634,5,1,4,4,2,5,2,1,4,2
801,c1ccc2c(c1)[nH]c3ccccc32,-1.03907725317132,2,3,2,1,5,2,3,3,5,2
802,OCC(O)C(O)CO,1.7869921194535068,3,2,4,5,2,3,5,4,4,2
803,CCCOC(=O)c1ccc(N)cc1,0.2949032312602985,5,2,1,3,2,5,2,5,5,4
804,CNC(=O)C=C(C)OP(=O)(OC)OC,1.7637965751890818,3,5,4,5,2,3,2,2,3,4
805,O=C1CCC(=O)N1,1.5976407377031001,1,2,3,1,4,3,3,2,4,4
806,CCC(C)C(C)C,-0.5704325833390624,2,5,4,3,1,2,4,5,2,2
807,CCCCc1c(C)nc(NCC)nc1OS(=O)(=O)N(C)C ,-0.5136271688139402,1,4,2,2,2,2,5,1,1,5
808,CCN2c1ncccc1N(C)C(=S)c3cccnc23 ,-0.7380085561881728,5,5,1,1,3,4,5,4,2,5
809,O2c1ccccc1N(CC)C(=O)c3ccccc23 ,-0.2864055107134516,5,4,4,3,2,1,4,5,2,3
810,C1CCOCC1,1.441425847759014,2,3,3,2,2,4,2,5,1,2
811,CCCCCC#C,0.030758053718480595,2,5,2,3,5,2,2,1,3,3
812,c1cc2ccc(OC)c(CC=C(C)(C))c2oc1=O ,-0.5865274507878471,2,3,3,5,1,4,1,1,4,2
813,c1cc(C)cc2c1c3cc4cccc5CCc(c45)c3cc2,-2.293530157267768,2,4,4,1,1,3,5,2,5,4
814,CCOC(=O)c1ccccc1,0.3573891872379329,3,3,2,5,4,4,3,1,1,1
815,ClCC(C)C,0.5088702926382587,2,2,1,2,5,2,1,3,5,4
816,CC34CCC1C(CCc2cc(O)ccc12)C3CCC4(O)C#C ,-0.5799001524265825,4,3,5,3,3,5,1,5,2,2
817,CCCCCCCCCCCC(=O)OC,-0.7645177496332298,5,1,1,3,3,2,3,5,5,4
818,CCCSCCC,0.23431078910016814,3,4,3,4,5,1,1,4,4,4
819,c1ccc2cc3cc4ccccc4cc3cc2c1,-2.61542750624346,5,2,4,5,1,5,2,1,5,5
820,CCCCCBr,-0.002378438087840798,2,4,3,3,4,3,2,1,5,2
821,CCCC/C=C/C,-0.352678494326094,3,3,3,1,1,2,1,5,2,4
822,Cc1ncc(N(=O)=O)n1CCO ,0.8591703488765119,2,4,1,4,2,1,4,2,5,3
823,CCCCCC1CCCC1,-1.4225138012158949,2,5,3,2,2,4,1,1,2,5
824,Clc1ccc(Cl)c(c1)c2c(Cl)c(Cl)cc(Cl)c2Cl ,-2.0568409300797588,3,2,4,5,2,2,3,2,2,5
825,O=C1NC(=O)NC(=O)C1(CC)C(C)C,0.4388102813906079,1,1,3,1,4,1,3,4,5,5
826,CC(Cl)(Cl)Cl,0.5088702926382587,3,2,5,5,3,3,3,3,4,3
827,CON(C)C(=O)Nc1ccc(Cl)cc1,0.2390445736439285,5,4,1,1,3,1,5,1,4,3
828,O=C2NC(=O)C1(CCCCC1)C(=O)N2,0.00708913099967957,5,2,2,5,5,3,1,3,3,1
829,CN(C)C(=O)OC1=CC(=O)CC(C)(C)C1 ,1.0532555151706793,5,1,2,5,4,5,5,5,2,3
830,Cc1ccc(Br)cc1,-0.05445006806920272,1,1,4,3,3,3,1,1,3,5
831,CCOCC,1.413023140496453,3,4,5,5,1,4,5,1,4,1
832,CC(C)NC(=O)N1CC(=O)N(C1=O)c2cc(Cl)cc(Cl)c2,-0.6158769149591602,3,2,3,3,2,4,4,3,1,3
833,CCCCN(CC)c1c(cc(cc1N(=O)=O)C(F)(F)F)N(=O)=O,-1.162155651309085,4,4,4,1,3,4,4,5,4,4
834,Cc1cc(C)c(O)c(C)c1,0.4852013699194578,5,2,5,2,1,5,3,3,5,2
835,c1ccccc1,0.6792865362136251,5,3,4,2,4,2,2,3,5,3
836,Clc1ccc(I)cc1,-0.4520879697450579,3,2,2,3,4,3,4,2,4,3
837,COc1ccc(NC(=O)N(C)C)cc1Cl,0.2418848443701845,3,1,1,2,1,1,2,2,4,1
838,CC(C)N(C(=O)CCl)c1ccccc1 ,0.28164863453777,4,1,3,5,2,1,5,2,2,5
839,C=Cc1ccccc1,0.12069996004992398,4,4,4,4,2,2,2,1,5,3
840,COCOC,1.6828488594907831,1,3,4,4,3,2,3,4,4,2
841,Cc1ccccc1C,0.13016752913744434,5,5,4,5,3,3,5,2,5,4
842,CCC(C)O,1.678115074947023,5,4,2,3,5,4,4,3,5,1
843,Oc1ccc(O)cc1,1.3751528641463715,2,4,5,4,2,3,2,2,3,2
844,CC34CCC1C(CCc2cc(O)ccc12)C3CC(O)C4O ,-0.8899630400428745,3,2,1,2,1,3,2,4,1,5
845,C1c2ccccc2c3cc4ccccc4cc13,-2.3503355717928898,3,3,5,4,3,1,1,3,5,3
846,O=C1CNC(=O)N1 ,1.2662758196398871,4,4,4,2,3,4,2,2,5,2
847,c1(O)cc(O)ccc1CCCCCC,0.2295770045564081,1,2,5,5,2,4,5,4,2,4
848,C=CCS(=O)SCC=C,1.0627230842581996,1,2,2,4,4,3,4,3,1,3
849,CCOP(=S)(OCC)Oc2ccc1oc(=O)c(Cl)c(C)c1c2,-1.0920956400614348,5,3,3,5,4,1,3,2,1,1
850,Cc1c(C)c2c3ccccc3ccc2c4ccccc14,-1.8627557637855912,4,1,2,2,5,3,4,4,3,3
851,CCCCC(=O)OC3(C(C)CC4C2CCC1=CC(=O)C=CC1(C)C2(F)C(O)CC34C)C(=O)CO,-0.77398531872075,5,4,3,3,2,4,5,4,3,1
852,O=c2[nH]c(=O)c1[nH]c(=O)[nH]c1[nH]2 ,-0.4047501243074561,2,5,3,1,2,5,1,2,3,3
853,Oc1c(Cl)cc(Cl)c(Cl)c1Cl,-0.011846007175361164,2,4,3,1,2,3,5,5,5,1
854,Clc1cccc(Cl)c1,0.016556700087199942,2,3,3,4,2,4,3,1,2,5
855,Clc1ccc(cc1)C(c2ccc(Cl)cc2)C(Cl)(Cl)Cl,-1.9290287473982344,3,2,3,5,1,4,4,2,4,3
856,CC(C)COC=O,0.9775149624705164,1,3,4,3,2,1,4,2,1,4
857,c1ccccc1SC,0.3242526954316116,1,1,1,4,5,5,3,3,5,3
858,CCN2c1nc(C)cc(C(F)(F)F)c1NC(=O)c3cccnc23 ,-0.5358759561696129,4,2,4,2,4,4,2,5,3,2
859,CCCCCC,-0.3621460634136143,3,2,1,4,3,2,3,3,1,5
860,COC(=O)c1cccnc1 ,1.2378731123773263,1,2,4,3,3,1,3,2,5,3
861,NS(=O)(=O)c3cc2c(NC(Cc1ccccc1)NS2(=O)=O)cc3C(F)(F)F,-0.24380144981960986,1,5,1,3,4,3,5,2,2,3
862,Clc1ccc(cc1Cl)c2cc(Cl)c(Cl)c(Cl)c2Cl ,-2.2461923118301663,4,3,4,4,4,1,1,3,3,3
863,CC1(OC(=O)N(C1=O)c2cc(Cl)cc(Cl)c2)C=C,-0.8757616864115938,4,2,5,3,3,2,4,3,2,1
864,CCNc1nc(Cl)nc(NC(C)(C)C#N)n1,-0.03551492989416198,3,4,5,2,5,4,5,5,3,1
865,c1ccc2c(c1)c3ccccc3c4ccccc24,-1.7283162827428022,5,5,4,2,1,5,1,2,2,2
866,CC=C(C(=CC)c1ccc(O)cc1)c2ccc(O)cc2,-0.8875961477709944,4,5,3,3,4,3,1,1,5,5
867,CCCCC(CC)COC(=O)c1ccccc1C(=O)OCC(CC)CCCC,-1.8390868410667904,5,1,4,5,5,5,5,4,5,2
868,CCc1ccccn1,1.6970502131220635,3,5,1,5,2,3,2,3,3,5
869,COP(=O)(OC)OC(Br)C(Cl)(Cl)Br,0.3763243254129737,2,1,5,3,1,2,2,1,5,1
870,c1ccc(cc1)c2ccccc2,-0.6012021828735034,1,4,3,1,2,4,5,4,3,3
871,Clc1cc(Cl)c(c(Cl)c1)c2c(Cl)cc(Cl)cc2Cl ,-2.6674991362248224,3,4,4,1,5,1,1,3,3,4
872,CN(C)c1nc(nc(n1)N(C)C)N(C)C,-0.1368179191306298,1,1,4,2,2,5,3,1,1,1
873,CC(C)CC(C)(C)O,1.020119023364358,1,5,3,3,3,3,2,5,2,1
874,O=C2NC(=O)C1(CCCCCC1)C(=O)N2 ,-0.04403574207293042,2,1,2,2,2,2,4,3,4,1
875,OCC1OC(O)(CO)C(O)C1O,1.758589412190946,2,2,5,4,3,4,5,2,1,5
876,Cc1cc(C)cc(O)c1,0.7928973652638694,4,3,1,4,4,1,3,4,1,1
877,ClCC#CCOC(=O)Nc1cccc(Cl)c1,-0.6130366442329039,1,3,4,1,4,5,3,3,3,4
878,CC(=O)Nc1ccc(Cl)cc1,0.1098122555992755,4,1,2,5,4,2,1,4,1,4
879,Clc1ccc(Cl)c(c1)c2c(Cl)c(Cl)c(Cl)c(Cl)c2Cl,-2.776376180731306,3,1,2,3,1,4,2,4,2,4
880,CCC(C)(C)C,-0.2248663116445691,2,4,2,3,5,4,3,3,4,3
881,CNc1ccccc1,0.8497027797889916,3,5,2,3,5,2,5,2,5,5
882,C=CCC=C,0.466266231744417,3,2,5,5,4,2,5,1,3,5
883,CC(=O)OCC(=O)C1(O)CCC2C3CCC4=CC(=O)CCC4(C)C3C(O)CC21C,-0.854459655964673,3,3,2,3,4,5,3,1,4,5
884,Cc1cc(cc(N(=O)=O)c1O)N(=O)=O,0.7663881718188125,1,1,4,3,4,1,3,5,4,5
885,OC3N=C(c1ccccc1Cl)c2cc(Cl)ccc2NC3=O,-0.25042874818087424,5,1,3,5,3,3,1,1,4,2
886,Oc1cccc(Cl)c1,1.124262283327082,2,4,5,5,2,3,1,2,4,1
887,Clc1cccc(Br)c1,-0.06391763715672308,5,2,2,3,4,5,2,1,1,5
888,NS(=O)(=O)c2cc1c(N=CNS1(=O)=O)cc2Cl ,0.011822915543439859,3,3,4,4,3,2,1,1,2,1
889,O=C1NC(=O)NC(=O)C1(C)CC,0.8743184594165445,3,3,4,3,2,2,4,5,1,4
890,OCCOc1ccccc1,1.124262283327082,3,1,3,2,2,4,4,1,4,1
891,C(c1ccccc1)c2ccccc2,-0.4757568924638588,2,5,1,1,1,4,1,4,3,2
892,CCCCCC(O)CC,0.518337861725779,5,5,1,1,4,1,3,4,5,4
893,CCN(Cc1c(F)cccc1Cl)c2c(cc(cc2N(=O)=O)C(F)(F)F)N(=O)=O,-1.7538787192791072,2,5,5,4,1,3,2,3,1,5
894,CC(C)Nc1nc(Cl)nc(NC(C)C)n1,-0.6414393514954648,2,2,5,1,3,2,2,4,3,2
895,CCCC(C)CO,0.9301771170329146,5,1,3,3,4,1,3,4,5,5
896,CCCCC(C)(C)O,0.9443784706641952,2,5,2,4,5,4,2,3,4,3
897,CCc1ccccc1,0.14436888276872478,1,3,3,2,5,3,3,4,5,3
898,O=C1NC(=O)NC(=O)C1(CC)CC=C(C)C,0.3891055436811261,1,5,4,5,3,3,5,1,5,3
899,ClC1C=CC2C1C3(Cl)C(=C(Cl)C2(Cl)C3(Cl)Cl)Cl,-1.5347044949030109,2,3,3,3,3,4,5,3,2,2
900,CCC(C)C1(CC(Br)=C)C(=O)NC(=O)NC1=O ,0.2025944326569751,1,3,1,4,1,2,1,5,1,5
901,CC1(C)C(C(=O)OC(C#N)c2cccc(Oc3ccccc3)c2)C1(C)C,-1.396477986225214,2,4,2,1,2,5,4,5,4,4
902,COC(C)(C)CCCC(C)CC=CC(C)=CC(=O)OC(C)C,-1.0012069768212388,5,5,1,4,2,5,1,3,2,3
903,CCOC(=O)CC,1.1431974215021226,3,1,4,1,1,3,1,2,4,2
904,CSc1nc(NC(C)C)nc(NC(C)C)n1,-0.4852244615513789,2,1,5,3,3,1,2,1,3,2
905,CC(C#C)N(C)C(=O)Nc1ccc(Cl)cc1,-0.3905487706761753,3,3,3,5,5,2,5,5,1,4
906,Cc1cc2ccccc2cc1C,-0.7787191032645101,5,5,5,4,5,1,1,4,1,3
907,Clc1ccc(cc1)c2cc(Cl)ccc2Cl ,-1.5029881384598176,3,5,5,2,3,3,4,2,3,4
908,Clc1ccc(c(Cl)c1)c2cc(Cl)c(Cl)c(Cl)c2Cl ,-2.0426395764484777,3,3,2,5,4,1,2,4,2,1
909,NC(N)=NC#N ,1.308879880533729,2,4,4,2,2,5,4,5,4,4
910,ClC(Cl)(Cl)N(=O)=O,0.5088702926382587,3,2,5,4,2,1,3,2,3,3
911,Clc1cccc(Cl)c1c2ccccc2 ,-1.0106745459087592,5,3,1,2,5,2,3,3,3,4
912,COc1ccc(C=O)cc1,0.7502933043700278,2,1,5,1,2,4,4,4,2,1
913,CC(=O)Nc1ccc(cc1)N(=O)=O,0.18129240221005413,1,5,2,2,3,5,4,2,4,5
914,CCCCCCC(=O)OCC,0.15857023640000525,2,4,2,3,3,5,2,5,4,3
915,CC(=O)Nc1ccc(O)cc1,0.9680473933829962,1,5,5,2,5,2,3,1,2,3
916,c2ccc1[nH]ncc1c2 ,0.4331297399380957,4,2,4,4,5,4,2,2,1,5
917,CC5(C)OC4CC3C2CCC1=CC(=O)C=CC1(C)C2(F)C(O)CC3(C)C4(O5)C(=O)CO ,-0.5846339369703427,1,2,2,4,3,1,1,5,4,3
918,Nc2nc1[nH]cnc1c(=O)[nH]2 ,-0.2404878006389779,4,1,1,2,4,1,1,4,2,1
919,COC(=O)C,1.6733812904032628,3,3,3,1,5,1,3,2,3,3
920,CC34CCC1C(CCC2CC(=O)CCC12C)C3CCC4O ,-0.7896068077151588,2,4,1,2,5,1,3,4,3,5
921,CCCC(O)C=C,1.176333913308444,4,4,4,2,1,4,4,2,5,4
922,OC(C1=CC2C5C(C1C2=C(c3ccccc3)c4ccccn4)C(=O)NC5=O)(c6ccccc6)c7ccccn7 ,-0.4052235027618321,1,1,1,1,5,4,4,2,3,5
923,CCCCOCCCC,0.5798770607946613,1,2,2,5,2,3,4,1,4,5
924,CCCCCCCCCCCCO,-0.8165893796145915,5,2,4,4,1,4,2,4,2,1
925,CCN2c1nc(N(C)(CCO))ccc1NC(=O)c3cccnc23 ,-0.13492440531312574,3,2,1,1,2,1,4,2,1,1
926,CCCC(C)(C)O,1.2236717587460457,3,3,2,3,2,1,3,2,5,2
927,Nc1nc(=O)[nH]cc1F,0.995503343736805,4,1,4,4,5,2,5,1,1,4
928,CCCCOc1ccc(C(=O)OCC)c(c1)N(CC)CC ,-0.3621460634136143,5,3,2,4,3,3,3,4,3,4
929,CCCCCC(C)(C)O,0.6414162598635437,2,2,1,3,5,3,5,5,1,3
930,Cc1c(C)c(C)c(C)c(C)c1C,-1.0201421149962795,2,5,5,3,1,3,2,2,4,5
931,CC(C)c1ccc(C)cc1O,0.40472703267553456,3,3,4,3,5,3,2,3,1,3
932,c2cnc1ncncc1n2,1.465094770477815,4,3,1,2,1,4,5,4,3,3
933,CCOP(=S)(OCC)Oc1ccc(cc1)N(=O)=O,-0.7503163960019492,1,1,1,3,3,2,1,1,4,3
934,C,1.0295865924518783,1,2,1,1,2,5,3,4,5,2
935,c2ccc1NCCc1c2 ,0.963313608839236,2,1,1,4,3,4,4,3,5,2
936,O=N(=O)c1cccc2ccccc12,-0.22013252710080905,3,5,2,5,4,2,5,5,5,1
937,CCC(C)C(=O)C,1.1384636369583625,2,2,4,3,5,2,1,5,3,3
938,Nc1nc(O)nc2nc[nH]c12 ,-0.15433292194254244,1,2,4,4,2,5,5,2,4,3
939,OC(CC(c1ccccc1)c3c(O)c2ccccc2oc3=O)c4ccc(cc4)c5ccc(Br)cc5 ,-0.6485400283111054,3,5,4,3,2,2,1,1,3,5
940,CN(=O)=O,1.5787055995280592,3,3,5,5,1,1,2,5,3,4
941,CC(C)N(C(C)C)C(=O)SCC(Cl)=C(Cl)Cl,-0.854459655964673,5,4,4,4,3,5,3,5,2,5
942,C=CCCC=C,0.18697294366256634,4,2,4,2,4,4,1,2,5,1
943,c2ccc1[nH]ccc1c2,0.7360919507387472,2,5,4,1,4,2,5,1,1,5
944,CC34CCC1C(CCC2=CC(=O)CCC12C)C3CCC4=O,-0.2911392952572117,3,1,2,5,1,1,5,1,5,3
945,CCCCC=C,-0.07338520624424345,2,3,5,3,4,5,1,5,5,5
946,Cc1cccc(C)c1NC(=O)c2cc(c(Cl)cc2O)S(N)(=O)=O,-0.33847714069481355,5,5,3,4,4,5,5,4,3,1
947,CCC1CCCCC1,-0.5562312297077818,4,1,1,1,4,5,4,3,5,1
948,CCCCCCCC(=O)C,0.23431078910016814,5,3,5,3,5,1,4,5,4,3
949,COC(=O)Nc2nc1ccc(cc1[nH]2)C(=O)c3ccccc3,-0.3810812015886551,5,1,3,3,5,1,3,4,2,1
950,CC(C)OC(=O)Nc1cccc(Cl)c1,-0.1443919744006461,4,4,3,2,3,4,2,4,5,4
951,CCN2c1nc(Cl)ccc1N(C)C(=O)c3cccnc23 ,-0.4918517599126433,5,3,5,4,2,2,3,2,3,3
952,CNC(=O)Oc1cccc2ccccc12,-0.07054493551798745,4,1,1,3,3,4,4,4,4,1
953,C#C,1.5929069531593398,3,4,1,1,5,3,5,3,4,5
954,Cc1cncc(C)c1,1.6355110140531812,5,4,2,4,5,2,5,5,5,1
955,C1C=CCC=C1,0.4804675853756975,1,1,2,3,4,2,2,2,3,1
956,CCOC(=O)N(C)C(=O)CSP(=S)(OCC)OCC,0.2636602532714814,3,5,5,3,2,4,2,2,4,2
957,CC(O)c1ccccc1,1.020119023364358,4,1,1,5,5,5,5,4,5,5
958,CC(Cl)CCl,0.6982216743886658,2,1,5,4,1,2,2,4,3,3
959,CCCC=C(CC)C=O,0.2911162036252904,3,1,1,2,4,5,5,4,3,2
960,CCOP(=S)(OCC)SCCSCC,-0.5467636606202616,2,2,3,5,4,4,3,3,4,5
961,CC(=O)OC3(C)CCC4C2CCC1=CC(=O)CCC1(C)C2CCC34C ,-1.0457045515325842,1,1,1,4,1,5,5,5,4,2
962,Clc1ccc(cc1)c2c(Cl)cccc2Cl ,-1.4509165084784557,5,2,3,4,4,5,4,3,4,4
963,Fc1cccc(F)c1C(=O)NC(=O)Nc2ccc(Cl)cc2,-1.3941110939533334,2,2,1,1,4,1,3,4,1,2
964,Oc1cc(Cl)ccc1Oc2ccc(Cl)cc2Cl,-0.6556407051267455,5,5,3,3,2,3,3,4,3,1
965,c1(C(=O)OCCCCCC(C)(C))c(C(=O)OCCCCCC(C)(C))cccc1,-1.6861856003033369,2,2,3,4,2,1,5,1,1,1
966,CC12CC(O)C3C(CCC4=CC(=O)CCC34C)C2CCC1C(=O)CO,-0.07811899078800373,4,2,1,5,2,4,1,4,5,5
967,Cc1cc(C)cc(C)c1,-0.15385954348816647,5,2,3,1,3,4,1,3,3,5
968,CCCCCCCCOC(=O)c1ccccc1C(=O)OCCCCCCCC ,-0.9657035927430374,3,5,2,4,2,2,3,4,5,4
969,CCCCCCCCCCCCCCCO,-1.5503259838974193,3,5,2,1,3,5,2,1,5,3
970,Clc1cccc(Cl)c1c2c(Cl)cccc2Cl ,-2.0426395764484777,5,5,2,5,4,3,5,3,2,2
971,O=C1NC(=O)NC(=O)C1(C)C,0.6310019338672712,4,2,2,2,1,5,1,4,4,1
972,CC(C)I,0.466266231744417,2,2,4,5,4,4,1,4,2,4
973,O=N(=O)c1ccccc1N(=O)=O,-0.011846007175361164,1,1,5,3,2,2,3,5,4,2
974,CC(C)C(=O)C,1.3988217868651724,4,5,1,1,5,1,5,3,2,1
975,CCCCCCCCCCCCCCCC,-2.5207518153682567,1,5,4,4,2,1,2,2,3,1
976,CC12CCC(CC1)C(C)(C)O2,0.6319486907760233,3,3,1,5,4,1,5,2,2,1
977,Cc2cccc3sc1nncn1c23 ,0.4757338008319375,3,4,5,3,2,2,2,3,2,2
978,CCCCCCC(=O)C,0.4852013699194578,2,1,3,4,5,5,2,5,1,1
979,CCCCCCCCC(=O)OC,-0.1443919744006461,3,1,1,2,5,2,4,4,1,5
980,Fc1ccc(F)cc1,0.5230716462695392,4,2,3,2,3,3,3,5,3,2
981,O=C1N(C2CCC(=O)NC2=O)C(=O)c3ccccc13,0.1888664574800704,2,1,5,5,2,4,5,2,2,2
982,CCCN(CCC)c1c(cc(cc1N(=O)=O)C(F)(F)F)N(=O)=O,-1.233162419465487,3,2,4,5,1,3,1,1,3,5
983,CCO,1.9763435012039143,4,3,4,1,1,2,4,5,1,5
984,O=C2NC(=O)C1(CCCC1)C(=O)N2,0.3436612120610283,4,4,2,1,4,1,4,5,2,5
985,c1c(NC(=O)OC(C)C(=O)NCC)cccc1,0.5893446298821816,4,4,5,1,2,5,1,2,4,2
986,CC(C)=CC3C(C(=O)OCc2cccc(Oc1ccccc1)c2)C3(C)C ,-1.0248758995400395,5,4,1,1,5,4,1,1,2,3
987,CN(C)C(=O)NC1CCCCCCC1,0.4056737895842867,2,4,5,1,4,5,4,1,5,4
988,ClC1(C2(Cl)C3(Cl)C4(Cl)C5(Cl)C1(Cl)C3(Cl)Cl)C5(Cl)C(Cl)(Cl)C24Cl,-1.7633462883666275,5,5,1,4,4,3,5,4,2,4
989,CCCCCCCCBr,-0.939667777752356,5,4,1,3,3,5,1,1,1,3
990,CCCCNC(=O)n1c(NC(=O)OC)nc2ccccc12,-0.8558797913278011,5,1,5,1,3,1,4,5,3,4
991,CN(C)c2c(C)n(C)n(c1ccccc1)c2=O ,1.2833174439974242,5,3,4,2,1,5,2,3,5,1
992,CCC(O)CC,1.3420163723400504,2,3,1,3,4,1,4,5,3,5
993,Cc1ccc(cc1)N(=O)=O,0.2769148499940097,4,3,4,1,2,3,3,5,4,5
994,CC(C)CCCO,0.915975763401634,5,4,2,5,3,1,2,4,3,3
995,CC34CCC1C(CCC2=CC(=O)CCC12O)C3CCC4(O)C#C,-0.7077123351081076,2,2,2,5,5,2,2,3,1,3
996,CC(C)OC(=O)C(O)(c1ccc(Br)cc1)c2ccc(Br)cc2 ,-0.8781285786834738,2,3,4,2,3,2,1,1,4,3
997,Nc2cnn(c1ccccc1)c(=O)c2Cl,0.0932440096961148,2,5,4,1,3,2,3,1,2,5
998,CCC(C)(C)O,1.5266339695466973,2,4,5,4,2,2,2,1,5,2
999,Cc1ccc(O)cc1,1.1100609296958015,2,3,3,5,3,4,2,1,5,2
1000,CCOC=O,1.5266339695466973,3,4,5,4,5,3,2,4,5,2
1001,CN(C)c1ccccc1,0.5467405689883401,3,1,5,1,5,2,2,5,3,1
1002,C1CCC2CCCCC2C1,-1.0012069768212388,1,4,4,5,1,5,2,5,3,2
1003,CCCCS,0.42366217085057534,2,3,2,5,2,4,3,5,4,3
1004,c1ccc2c(c1)c3cccc4ccc5cccc2c5c43,-2.2367247427426453,4,2,5,1,4,3,1,4,5,2
1005,ClC(=C(Cl)Cl)Cl,0.2532459272752089,5,2,3,5,3,2,5,2,1,4
1006,CCC(=O)CC,1.3230812341650096,2,3,2,1,2,5,1,1,2,2
1007,C=CC#N,1.5266339695466973,1,5,2,4,1,3,1,4,3,3
1008,CC1CC2C3CC(F)C4=CC(=O)C=CC4(C)C3(F)C(O)CC2(C)C1(O)C(=O)CO,-1.2014460630222945,1,1,1,5,2,5,3,4,3,1
1009,CCCCC(=O)C,1.07692443788948,2,5,5,4,5,4,3,3,3,2
1010,CCNc1nc(NC(C)(C)C)nc(OC)n1,-0.07764561233362756,4,3,5,1,5,5,4,3,5,1
1011,CCCCC(C)CC,-0.9870056231899582,1,5,4,3,2,1,4,1,2,5
1012,BrCCBr,0.6603513980385844,2,1,5,4,4,3,4,3,5,2
1013,CNC(=O)Oc1ccccc1C(C)C,0.10034468651175514,2,1,5,4,5,4,1,2,4,4
1014,O=C1NCCN1c2ncc(s2)N(=O)=O,-0.06865142170048337,3,5,1,2,5,3,2,2,1,3
1015,C1c2ccccc2c3ccc4ccccc4c13,-1.706540873841505,2,4,3,1,1,3,1,5,3,2
1016,COc1ccccc1Cl,0.2911162036252904,3,2,1,4,4,4,1,5,5,4
1017,COP(=S)(OC)Oc1cc(Cl)c(Br)cc1Cl,-1.4272475857596547,1,4,4,4,4,1,1,1,4,5
1018,ClC(Cl)CC(=O)NC2=C(Cl)C(=O)c1ccccc1C2=O,-0.925466424121076,5,4,1,5,3,3,5,4,1,1
1019,ClC(Cl)C(c1ccc(Cl)cc1)c2ccc(Cl)cc2 ,-1.9526976701170349,5,5,5,5,5,3,3,3,4,4
1020,COC(=O)C=C,1.3514839414275706,1,1,5,1,1,2,4,1,4,5
1021,CN(C)C(=O)Nc2ccc(Oc1ccc(Cl)cc1)cc2,-0.8591934405084332,4,2,5,5,2,5,3,4,4,5
1022,N(=Nc1ccccc1)c2ccccc2,-0.6509069205829855,1,1,3,1,1,3,3,5,2,3
1023,CC(C)c1ccc(C)cc1,-0.3290095716072932,3,5,1,1,5,2,2,3,3,1
1024,Oc1c(Cl)cccc1Cl,0.6082797680572224,1,4,2,3,5,3,1,1,1,5
1025,OCC2OC(OC1(CO)OC(CO)C(O)C1O)C(O)C(O)C2O ,1.8295961803473488,3,1,4,1,2,2,4,4,1,3
1026,OC1C(O)C(O)C(O)C(O)C1O,1.6213096604219008,5,2,1,1,4,3,5,3,5,3
1027,Cn2c(=O)n(C)c1ncn(CC(O)CO)c1c2=O,1.3751528641463715,2,1,1,2,2,1,5,3,3,1
1028,OCC(NC(=O)C(Cl)Cl)C(O)c1ccc(cc1)N(=O)=O,0.4563252842025206,4,5,3,5,1,3,2,4,5,4
1029,CCC(O)(CC)CC,1.0532555151706793,4,5,4,1,4,4,5,2,4,4
1030,CC45CCC2C(CCC3CC1SC1CC23C)C4CCC5O,-1.1053502367839627,2,3,1,4,3,4,1,5,5,1
1031,Brc1ccccc1Br,-0.2011973889257683,3,5,5,1,1,3,5,5,1,1
1032,Oc1c(Cl)cc(Cl)cc1Cl,0.3479216181504126,2,1,5,5,2,1,1,2,5,3
1033,CCCN(CCC)c1c(cc(cc1N(=O)=O)S(N)(=O)=O)N(=O)=O,-0.9870056231899582,5,1,5,1,3,5,5,3,4,2
1034,C2c1ccccc1N(CCF)C(=O)c3ccccc23 ,-0.8161160011602158,4,2,3,1,1,2,3,5,2,4
1035,CC(C)C(=O)C(C)C,0.8402352107014712,2,5,1,3,1,1,2,1,4,1
1036,O=C1NC(=O)NC(=O)C1(C(C)C)CC=C(C)C,0.22815686919328002,2,1,2,3,4,1,3,2,5,3
1037,c1c(O)C2C(=O)C3cc(O)ccC3OC2cc1(OC),0.062474410161673676,2,4,3,1,2,3,2,1,1,1
1038,Cn1cnc2n(C)c(=O)n(C)c(=O)c12,1.040947675356903,2,2,4,2,2,1,2,5,4,3
1039,CC(=O)SC4CC1=CC(=O)CCC1(C)C5CCC2(C)C(CCC23CCC(=O)O3)C45,-0.5197810887208284,3,5,5,5,3,2,5,4,1,3
1040,Cc1ccc(O)cc1C,0.8023649343513898,4,4,5,3,3,2,3,2,1,3
1041,O(c1ccccc1)c2ccccc2,-0.41895147793873655,1,3,3,5,2,2,4,5,5,1
1042,Clc1cc(Cl)c(cc1Cl)c2cc(Cl)c(Cl)cc2Cl ,-2.59649236806842,5,1,4,1,5,5,2,2,1,4
1043,NC(=O)c1cccnc1 ,1.7443880585596654,2,2,2,2,5,3,4,5,2,5
1044,Sc1ccccc1,0.4520648781131365,5,3,3,4,2,2,1,3,5,2
1045,CNC(=O)Oc1cc(C)cc(C)c1,0.233837410645792,4,3,5,4,2,4,4,2,2,4
1046,ClC1CC2C(C1Cl)C3(Cl)C(=C(Cl)C2(Cl)C3(Cl)Cl)Cl,-1.7917489956291888,3,2,2,5,1,2,4,1,5,5
1047,CSSC,0.7739622270888287,2,1,5,1,4,5,5,2,3,1
1048,NC(=O)c1ccccc1,1.0011838851893171,1,2,5,4,2,4,5,2,3,2
1049,Clc1ccccc1Br,-0.05445006806920272,2,1,3,1,2,1,5,5,3,1
1050,COC(=O)c1ccccc1OC2OC(COC3OCC(O)C(O)C3O)C(O)C(O)C2O,1.1043803882432892,1,4,5,2,4,3,3,3,3,5
1051,CCCCC(O)CC,0.7597608734575482,1,5,5,1,3,3,2,4,4,5
1052,CCN2c1nc(C)cc(C)c1NC(=O)c3cccnc23 ,-0.7001382798380905,5,4,2,3,2,1,2,2,1,4
1053,Oc1cc(Cl)cc(Cl)c1,0.8213000725264304,4,1,3,2,1,4,2,2,4,3
1054,Cc1cccc2c1ccc3ccccc32,-1.3136367567094105,1,2,5,1,2,2,4,1,5,1
1055,CCCCC(CC)CO,0.4567986626568967,5,2,5,1,5,5,4,3,4,4
1056,CC(C)N(C(C)C)C(=O)SCC(=CCl)Cl,-0.5732728540653187,4,3,5,1,4,3,2,1,4,2
1057,Cc1ccccc1,0.4094608172192949,5,2,2,2,5,3,2,2,1,2
1058,Clc1cccc(n1)C(Cl)(Cl)Cl,-0.3242757870635329,4,3,5,1,5,1,2,2,1,4
1059,C1CCC=CCC1,-0.04971628352544264,3,3,3,2,3,5,2,3,2,1
1060,CN(C)C(=S)SSC(=S)N(C)C ,-0.3905487706761753,3,3,1,4,4,5,3,2,5,4
1061,COC1=CC(=O)CC(C)C13Oc2c(Cl)c(OC)cc(OC)c2C3=O,-0.08095926151425996,1,5,5,3,5,4,2,4,2,5
1062,CCCCCCCCCCO,-0.2627365879946506,4,2,4,3,2,2,3,2,3,3
1063,CCC(C)(C)CC,-0.5467636606202616,4,4,2,5,3,2,5,5,3,3
1064,CNC(=O)C(C)SCCSP(=O)(OC)(OC),1.997172153196459,3,4,1,1,1,5,5,3,5,5
1065,Oc1cc(Cl)c(Cl)c(Cl)c1Cl,-0.03551492989416198,4,1,1,5,1,2,1,1,2,4
1066,CCCC=O,1.4508934168465344,5,4,5,4,1,2,2,5,4,2
1067,CC4CC3C2CCC1=CC(=O)C=CC1(C)C2(F)C(O)CC3(C)C4(O)C(=O)COC(C)=O ,-0.8639272250521937,1,4,3,4,2,1,3,2,3,4
1068,CCCC,0.2390445736439285,4,2,3,2,4,1,5,5,3,1
1069,COc1ccccc1O,0.5278054308132993,3,3,2,4,4,3,5,5,4,1
1070,CC1CC2C3CCC(O)(C(=O)C)C3(C)CC(O)C2(F)C4(C)C=CC(=O)C=C14,-0.4847510830970032,5,3,3,5,4,2,4,3,5,1
1071,ClC(Cl)C(Cl)(Cl)Cl,0.2248432200126478,1,1,1,1,1,5,4,3,1,5
1072,CCOC(=O)c1ccccc1C(=O)OCC,0.3431878336066523,3,1,5,2,1,3,2,4,1,2
1073,CC(C)CO,1.5029650468278963,5,4,2,4,1,4,4,5,2,5
1074,CC(C)Cc1ccccc1,-0.4946920306388995,4,3,5,3,1,5,4,2,3,3
1075,ICI,0.3479216181504126,3,1,1,2,1,2,4,3,4,3
1076,CCCC(O)CCC,0.7928973652638694,3,1,5,2,4,3,5,5,4,3
1077,CCCCCOC(=O)C,0.5609419226196206,2,4,3,5,1,2,5,1,4,1
1078,Oc1c(Cl)c(Cl)cc(Cl)c1Cl,-0.13965818985688602,1,4,1,4,3,5,2,4,5,2
1079,CCCc1ccccc1,-0.13965818985688602,4,4,3,4,1,2,5,2,5,2
1080,FC(F)(Cl)C(F)(F)Cl,0.15857023640000525,3,4,3,5,5,4,1,4,2,4
1081,CC=CC=O,1.6071083067906202,4,1,3,4,5,5,5,5,2,3
1082,CN(C)C(=O)N(C)C ,1.9006029485037517,5,1,4,1,1,4,3,3,2,2
1083,Cc1cc(C)c(C)cc1C,-0.7171799041956278,3,2,5,1,5,5,1,4,5,3
1084,CC(=O)OC3(CCC4C2CCC1=CC(=O)CCC1C2CCC34C)C#C,-0.8165893796145915,3,1,5,4,4,3,5,5,5,5
1085,CCOP(=S)(OCC)N2C(=O)c1ccccc1C2=O,-0.13019062076936566,5,1,4,4,4,1,5,1,5,3
1086,c1ccccc1NC(=O)c2c(O)cccc2,-0.24380144981960986,5,5,1,1,2,5,4,5,2,1
1087,CCN(CC)C(=S)SCC(Cl)=C,-0.14912575894440638,1,4,2,2,4,3,1,3,5,5
1088,ClCC,0.9538460397517154,5,4,1,1,5,2,4,5,1,4
1089,CC(=O)Nc1cc(NS(=O)(=O)C(F)(F)F)c(C)cc1C,-0.07811899078800373,2,3,4,2,5,3,4,4,1,5
1090,O=C(C=CC=Cc2ccc1OCOc1c2)N3CCCCC3,-0.1822622507507276,1,2,5,5,3,5,5,1,1,4
1091,CC/C=C\C,0.2532459272752089,4,3,5,3,5,4,3,1,3,2
1092,CNC(=O)ON=C(CSC)C(C)(C)C ,0.6887541053011454,2,4,2,4,5,1,3,5,5,2
1093,O=C2NC(=O)C1(CCCCCCC1)C(=O)N2,0.044012650441008896,2,2,3,1,5,5,5,5,1,4
1094,c1(C(C)(C)C)cc(C(C)(C)C)cc(OC(=O)NC)c1,-0.5514974451640217,2,5,2,2,3,3,1,2,2,2
1095,Oc2cc(O)c1C(=O)CC(Oc1c2)c3ccc(O)c(O)c3,-0.2580028034508905,3,5,5,5,3,4,5,4,3,5
1096,O=C(c1ccccc1)c2ccccc2,-0.02131357626288153,2,2,3,2,2,2,2,4,2,1
1097,CCCCCCCCCCCCCCCCCCCC,-2.4128215277705247,2,3,3,3,3,1,4,4,4,2
1098,N(Nc1ccccc1)c2ccccc2 ,0.07336211461232214,4,2,2,1,5,3,1,2,2,5
1099,CCC(CC)CO,0.9017744097703536,2,1,2,5,3,2,3,1,1,4
1100,Oc1ccncc1,1.9384732248538328,2,2,1,3,1,2,1,3,4,1
1101,Cl\C=C/Cl,0.8402352107014712,3,3,1,4,3,2,3,4,1,5
1102,CC1CCCC1,-0.10652169805056463,3,3,3,2,4,4,1,4,4,5
1103,CC(C)CC(C)O,1.07692443788948,4,3,2,1,2,4,5,4,5,4
1104,O2c1ccc(N)cc1N(C)C(=O)c3cc(C)ccc23 ,-0.403803367398704,5,4,1,2,3,5,4,5,1,5
1105,CC(C)(C)CO,1.2662758196398871,1,2,5,4,4,3,1,2,1,2
1106,CC(C)(C)C(=O)C(Oc1ccc(Cl)cc1)n2cncn2,-0.2532690189071302,5,1,5,3,4,3,4,4,2,3
1107,Cc1cc(no1)C(=O)NNCc2ccccc2,0.29064282517091444,5,4,1,5,3,1,2,4,3,1
1108,CC=C,0.9443784706641952,3,3,1,3,2,1,4,5,4,1
1109,Oc1ccc(Cl)cc1Cc2cc(Cl)ccc2O,-0.4156378287581043,5,3,1,3,1,4,4,1,3,1
1110,CCOC(=O)Nc2cccc(OC(=O)Nc1ccccc1)c2 ,-0.7370617992794205,2,5,1,2,2,2,1,1,4,5
1111,O=C1c2ccccc2C(=O)c3ccccc13,-1.0012069768212388,5,4,5,2,4,3,3,3,1,4
1112,CCCCCCC(C)O,0.466266231744417,4,3,1,1,4,4,5,2,2,3
1113,CC1=C(C(=O)Nc2ccccc2)S(=O)(=O)CCO1,0.3758509469585975,1,5,3,4,3,4,2,1,5,3
1114,CCCCc1ccccc1,-0.4662893233763382,4,3,5,5,5,1,5,5,5,4
1115,O=C1NC(=O)C(=O)N1 ,1.2662758196398871,1,1,2,3,1,4,4,3,1,2
1116,COP(=S)(OC)Oc1ccc(Sc2ccc(OP(=S)(OC)OC)cc2)cc1,-1.4968342185529295,3,1,4,4,4,5,4,1,2,1
1117,NS(=O)(=O)c1cc(ccc1Cl)C2(O)NC(=O)c3ccccc23,-0.17800184466134344,3,2,3,3,2,1,4,1,5,5
1118,CC(C)COC(=O)C,0.8828392715953128,4,4,4,2,1,5,5,4,4,2
1119,CC(C)C(C)(C)C,-0.6083028596891439,1,4,2,4,4,2,5,2,2,2
1120,Clc1ccc(c(Cl)c1Cl)c2c(Cl)cc(Cl)c(Cl)c2Cl ,-2.170451759130003,2,4,4,3,5,4,5,2,2,5
1121,N#Cc1ccccc1C#N,0.32898647997537184,1,4,4,2,2,5,2,2,3,4
1122,Cc1cccc(c1)N(=O)=O,0.3005837727128107,5,3,3,5,4,3,5,3,5,1
1123,FC(F)(F)C(Cl)Br ,0.6461500444073038,3,3,4,2,5,1,1,1,2,2
1124,CNC(=O)ON=C(SC)C(=O)N(C)C,1.5058053175541524,4,1,5,1,5,4,2,4,4,5
1125,CCSCCSP(=S)(OC)OC,-0.007585601085977053,4,5,1,3,1,2,3,1,2,3
1126,CCC(C)C,-0.04971628352544264,3,5,4,2,5,5,1,5,2,4
1127,COP(=O)(OC)OC(=CCl)c1cc(Cl)c(Cl)cc1Cl,-0.6849901692980588,3,2,2,5,2,5,3,1,5,2
